,open,high,low,close
2007-01-03 00:00:00+00:00,86.3,86.58,81.9,83.8
2007-01-04 00:00:00+00:00,84.05,85.95,83.82,85.64
2007-01-05 00:00:00+00:00,85.76,86.2,84.4,85.15
2007-01-08 00:00:00+00:00,85.94,88.92,85.28,85.44
2007-01-09 00:00:00+00:00,86.49,92.98,85.15,92.55
2007-01-10 00:00:00+00:00,94.74,97.8,93.45,97.15
2007-01-11 00:00:00+00:00,95.94,98.85,95.1,95.86
2007-01-12 00:00:00+00:00,94.59,95.06,93.23,94.69
2007-01-16 00:00:00+00:00,95.69,97.25,95.45,97.1
2007-01-17 00:00:00+00:00,97.56,97.6,94.82,95.05
2007-01-18 00:00:00+00:00,92.09,92.11,89.05,89.08
2007-01-19 00:00:00+00:00,88.57,89.65,88.12,88.49
2007-01-22 00:00:00+00:00,89.13,89.16,85.65,86.77
2007-01-23 00:00:00+00:00,85.73,87.51,85.51,85.69
2007-01-24 00:00:00+00:00,86.68,87.15,86.08,86.7
2007-01-25 00:00:00+00:00,87.12,88.5,86.03,86.25
2007-01-26 00:00:00+00:00,87.12,87.37,84.99,85.42
2007-01-29 00:00:00+00:00,86.27,86.65,85.53,85.93
2007-01-30 00:00:00+00:00,86.45,86.49,85.25,85.55
2007-01-31 00:00:00+00:00,84.86,86.0,82.8,85.72
2007-02-01 00:00:00+00:00,86.23,89.25,84.73,84.73
2007-02-02 00:00:00+00:00,84.06,85.25,83.7,84.79
2007-02-05 00:00:00+00:00,84.3,85.23,83.94,83.94
2007-02-06 00:00:00+00:00,84.46,85.05,82.86,84.09
2007-02-07 00:00:00+00:00,84.5,86.38,83.55,86.15
2007-02-08 00:00:00+00:00,85.41,86.51,85.4,86.15
2007-02-09 00:00:00+00:00,85.88,86.2,83.21,83.26
2007-02-12 00:00:00+00:00,84.47,85.18,83.63,84.93
2007-02-13 00:00:00+00:00,85.16,85.29,84.3,84.65
2007-02-14 00:00:00+00:00,84.56,85.64,84.43,85.28
2007-02-15 00:00:00+00:00,85.3,86.32,84.78,85.24
2007-02-16 00:00:00+00:00,85.25,85.41,84.66,84.76
2007-02-20 00:00:00+00:00,84.65,86.16,84.16,85.9
2007-02-21 00:00:00+00:00,85.98,89.49,85.96,89.2
2007-02-22 00:00:00+00:00,90.8,90.81,88.53,89.51
2007-02-23 00:00:00+00:00,89.19,90.34,86.0,89.0
2007-02-26 00:00:00+00:00,89.84,90.0,87.61,88.55
2007-02-27 00:00:00+00:00,86.27,87.08,83.41,83.95
2007-02-28 00:00:00+00:00,84.57,85.6,83.0,84.57
2007-03-01 00:00:00+00:00,84.03,88.31,83.75,87.12
2007-03-02 00:00:00+00:00,86.77,87.54,85.21,85.43
2007-03-05 00:00:00+00:00,85.89,88.65,85.76,86.28
2007-03-06 00:00:00+00:00,87.75,88.31,87.4,88.19
2007-03-07 00:00:00+00:00,88.05,88.97,87.45,87.73
2007-03-08 00:00:00+00:00,88.6,88.72,87.46,87.96
2007-03-12 00:00:00+00:00,88.05,89.99,85.72,89.88
2007-03-13 00:00:00+00:00,89.41,90.6,88.4,88.4
2007-03-14 00:00:00+00:00,88.6,90.0,87.92,89.99
2007-03-15 00:00:00+00:00,89.96,90.36,89.31,89.57
2007-03-16 00:00:00+00:00,89.47,89.99,89.32,89.57
2007-03-19 00:00:00+00:00,90.24,91.55,87.82,91.14
2007-03-20 00:00:00+00:00,91.36,92.67,91.06,91.47
2007-03-21 00:00:00+00:00,91.99,94.0,91.65,93.87
2007-03-22 00:00:00+00:00,93.77,94.36,93.0,93.86
2007-03-23 00:00:00+00:00,93.35,94.07,93.3,93.52
2007-03-26 00:00:00+00:00,93.99,96.73,93.3,95.9
2007-03-27 00:00:00+00:00,95.72,96.83,95.0,95.43
2007-03-28 00:00:00+00:00,94.88,95.4,93.15,93.21
2007-03-29 00:00:00+00:00,94.19,95.16,92.23,93.75
2007-04-02 00:00:00+00:00,94.15,94.25,93.02,93.63
2007-04-03 00:00:00+00:00,94.14,95.23,93.02,94.47
2007-04-04 00:00:00+00:00,94.95,95.14,94.13,94.29
2007-04-05 00:00:00+00:00,94.12,94.67,93.52,94.67
2007-04-09 00:00:00+00:00,95.21,95.3,93.04,93.6
2007-04-10 00:00:00+00:00,93.67,95.91,93.41,94.24
2007-04-11 00:00:00+00:00,93.93,93.95,92.33,92.53
2007-04-12 00:00:00+00:00,92.05,92.31,90.72,92.15
2007-04-13 00:00:00+00:00,90.89,91.4,90.06,90.25
2007-04-16 00:00:00+00:00,90.59,91.5,90.25,91.45
2007-04-17 00:00:00+00:00,92.0,92.3,89.7,90.35
2007-04-18 00:00:00+00:00,90.15,90.85,89.6,90.36
2007-04-19 00:00:00+00:00,90.19,91.25,89.83,90.27
2007-04-20 00:00:00+00:00,90.96,91.18,19.85,90.96
2007-04-23 00:00:00+00:00,91.6,93.8,91.42,93.54
2007-04-24 00:00:00+00:00,93.96,96.39,89.1,93.24
2007-04-25 00:00:00+00:00,94.23,95.4,93.08,95.31
2007-04-26 00:00:00+00:00,101.58,105.0,94.75,98.84
2007-04-27 00:00:00+00:00,98.17,99.95,97.69,99.91
2007-04-30 00:00:00+00:00,100.09,101.0,99.67,99.81
2007-05-01 00:00:00+00:00,99.68,100.35,98.55,99.47
2007-05-02 00:00:00+00:00,99.68,100.35,98.55,99.47
2007-05-03 00:00:00+00:00,100.74,101.45,100.01,100.4
2007-05-04 00:00:00+00:00,100.8,101.6,100.5,100.8
2007-05-07 00:00:00+00:00,101.08,104.35,101.01,103.91
2007-05-08 00:00:00+00:00,103.47,105.15,100.37,105.09
2007-05-09 00:00:00+00:00,104.9,106.95,104.87,106.95
2007-05-10 00:00:00+00:00,106.63,108.84,105.92,107.36
2007-05-11 00:00:00+00:00,107.74,109.13,106.67,108.8
2007-05-14 00:00:00+00:00,109.64,110.0,107.6,109.42
2007-05-15 00:00:00+00:00,109.62,110.2,106.48,107.51
2007-05-16 00:00:00+00:00,108.5,110.65,103.42,107.31
2007-05-17 00:00:00+00:00,107.15,109.87,107.15,109.47
2007-05-18 00:00:00+00:00,110.3,110.64,109.77,110.02
2007-05-21 00:00:00+00:00,110.31,112.45,108.55,111.97
2007-05-22 00:00:00+00:00,112.45,113.75,112.01,113.52
2007-05-23 00:00:00+00:00,114.02,115.0,112.59,112.89
2007-05-24 00:00:00+00:00,112.81,114.46,110.37,110.72
2007-05-25 00:00:00+00:00,112.0,113.78,111.5,113.62
2007-05-29 00:00:00+00:00,114.59,114.86,112.69,114.35
2007-05-30 00:00:00+00:00,114.31,118.88,113.53,118.82
2007-05-31 00:00:00+00:00,120.06,122.17,119.54,121.46
2007-06-01 00:00:00+00:00,121.13,121.19,118.29,118.35
2007-06-04 00:00:00+00:00,118.64,121.73,117.9,121.31
2007-06-05 00:00:00+00:00,121.39,124.35,120.5,122.68
2007-06-06 00:00:00+00:00,122.35,124.05,121.95,123.64
2007-06-07 00:00:00+00:00,124.99,127.61,123.0,124.02
2007-06-08 00:00:00+00:00,125.82,125.83,122.29,124.46
2007-06-11 00:00:00+00:00,125.87,126.15,119.54,120.17
2007-06-12 00:00:00+00:00,119.35,121.71,118.31,120.43
2007-06-13 00:00:00+00:00,119.35,121.71,118.31,120.43
2007-06-14 00:00:00+00:00,117.2,119.45,116.42,118.9
2007-06-15 00:00:00+00:00,120.62,120.67,112.98,120.5
2007-06-18 00:00:00+00:00,123.3,125.18,122.54,125.04
2007-06-19 00:00:00+00:00,124.69,125.01,122.91,123.66
2007-06-20 00:00:00+00:00,123.85,124.66,120.49,121.62
2007-06-21 00:00:00+00:00,121.76,124.29,120.72,123.9
2007-06-22 00:00:00+00:00,123.85,124.45,122.38,123.0
2007-06-25 00:00:00+00:00,124.18,125.09,121.06,122.23
2007-06-26 00:00:00+00:00,123.96,124.0,118.72,119.71
2007-06-27 00:00:00+00:00,120.6,122.04,119.26,121.99
2007-06-28 00:00:00+00:00,122.49,122.49,120.0,120.56
2007-06-29 00:00:00+00:00,121.97,124.0,121.09,122.08
2007-07-02 00:00:00+00:00,121.05,122.09,119.3,121.25
2007-07-03 00:00:00+00:00,122.0,127.4,121.5,126.85
2007-07-05 00:00:00+00:00,128.8,132.97,128.69,132.74
2007-07-06 00:00:00+00:00,133.18,133.34,130.4,132.3
2007-07-09 00:00:00+00:00,132.37,132.9,129.18,130.31
2007-07-10 00:00:00+00:00,128.88,134.5,128.8,132.39
2007-07-11 00:00:00+00:00,132.1,133.7,131.31,132.29
2007-07-12 00:00:00+00:00,133.85,134.24,132.39,134.1
2007-07-13 00:00:00+00:00,135.05,137.85,134.52,137.66
2007-07-16 00:00:00+00:00,138.39,139.98,137.5,138.08
2007-07-17 00:00:00+00:00,138.3,139.6,137.5,138.86
2007-07-18 00:00:00+00:00,138.19,138.44,136.04,138.13
2007-07-19 00:00:00+00:00,140.39,140.81,139.65,139.85
2007-07-20 00:00:00+00:00,141.65,144.18,140.0,143.75
2007-07-23 00:00:00+00:00,143.32,145.22,140.93,143.69
2007-07-24 00:00:00+00:00,138.89,141.0,134.15,135.0
2007-07-25 00:00:00+00:00,138.89,141.0,134.15,135.0
2007-07-26 00:00:00+00:00,145.91,148.5,142.05,146.69
2007-07-27 00:00:00+00:00,146.25,148.92,143.84,146.24
2007-07-30 00:00:00+00:00,144.3,145.45,139.57,141.55
2007-07-31 00:00:00+00:00,142.96,143.48,131.52,131.65
2007-08-01 00:00:00+00:00,133.64,135.38,127.77,133.38
2007-08-02 00:00:00+00:00,136.65,136.96,134.15,136.45
2007-08-03 00:00:00+00:00,135.19,135.95,131.5,131.8
2007-08-06 00:00:00+00:00,132.9,135.27,128.3,135.19
2007-08-07 00:00:00+00:00,134.93,137.24,132.63,135.08
2007-08-08 00:00:00+00:00,136.7,136.86,132.0,134.0
2007-08-09 00:00:00+00:00,131.1,133.0,125.09,126.8
2007-08-10 00:00:00+00:00,123.11,127.75,120.3,125.0
2007-08-13 00:00:00+00:00,128.43,129.35,126.5,127.86
2007-08-14 00:00:00+00:00,128.289,128.3,123.71,124.12
2007-08-15 00:00:00+00:00,122.74,124.86,119.65,119.97
2007-08-16 00:00:00+00:00,117.13,118.5,111.62,117.3
2007-08-17 00:00:00+00:00,122.09,123.5,119.82,122.06
2007-08-20 00:00:00+00:00,123.94,124.5,120.5,122.22
2007-08-21 00:00:00+00:00,122.16,128.96,121.0,127.65
2007-08-22 00:00:00+00:00,131.19,132.75,130.33,132.51
2007-08-23 00:00:00+00:00,133.1,133.34,129.759,131.02
2007-08-24 00:00:00+00:00,130.58,135.37,129.81,135.29
2007-08-27 00:00:00+00:00,133.41,134.66,132.1,132.3
2007-08-28 00:00:00+00:00,130.99,132.41,126.63,126.89
2007-08-29 00:00:00+00:00,129.88,134.18,128.0,134.02
2007-08-30 00:00:00+00:00,132.67,138.25,132.3,136.19
2007-08-31 00:00:00+00:00,139.5,139.65,137.41,138.46
2007-09-04 00:00:00+00:00,139.98,145.73,139.84,144.17
2007-09-05 00:00:00+00:00,144.97,145.84,131.12,136.79
2007-09-06 00:00:00+00:00,135.56,137.57,132.71,135.0
2007-09-07 00:00:00+00:00,132.08,132.3,130.0,131.81
2007-09-10 00:00:00+00:00,137.0,138.04,133.95,136.73
2007-09-11 00:00:00+00:00,137.9,138.3,133.75,135.49
2007-09-12 00:00:00+00:00,135.99,139.4,135.75,136.83
2007-09-13 00:00:00+00:00,138.77,139.0,136.65,137.2
2007-09-14 00:00:00+00:00,136.54,138.98,136.2,138.67
2007-09-17 00:00:00+00:00,139.03,140.59,137.6,138.41
2007-09-18 00:00:00+00:00,139.05,142.85,137.83,140.91
2007-09-19 00:00:00+00:00,143.03,143.16,139.4,140.75
2007-09-20 00:00:00+00:00,140.17,141.79,139.32,140.28
2007-09-21 00:00:00+00:00,141.15,144.65,140.31,144.19
2007-09-24 00:00:00+00:00,146.73,149.85,146.65,148.44
2007-09-25 00:00:00+00:00,146.89,153.22,146.82,153.22
2007-09-26 00:00:00+00:00,154.49,155.0,151.25,152.72
2007-09-27 00:00:00+00:00,153.82,154.52,152.32,154.45
2007-09-28 00:00:00+00:00,153.36,154.6,152.75,153.5
2007-10-01 00:00:00+00:00,154.59,157.41,152.93,156.4
2007-10-02 00:00:00+00:00,156.55,158.59,155.89,158.46
2007-10-03 00:00:00+00:00,157.91,159.18,157.01,157.95
2007-10-04 00:00:00+00:00,158.0,158.08,153.5,156.33
2007-10-05 00:00:00+00:00,158.38,161.57,157.7,161.55
2007-10-08 00:00:00+00:00,163.49,167.89,162.97,167.89
2007-10-09 00:00:00+00:00,170.2,171.11,166.68,167.92
2007-10-10 00:00:00+00:00,167.54,167.88,165.6,166.74
2007-10-11 00:00:00+00:00,169.45,171.88,152.53,162.23
2007-10-12 00:00:00+00:00,163.01,167.33,161.8,167.27
2007-10-15 00:00:00+00:00,167.93,169.57,163.5,166.99
2007-10-16 00:00:00+00:00,165.53,170.18,165.18,169.58
2007-10-17 00:00:00+00:00,172.69,173.04,169.18,172.75
2007-10-18 00:00:00+00:00,171.47,174.19,171.05,173.5
2007-10-19 00:00:00+00:00,174.23,174.63,170.0,170.41
2007-10-22 00:00:00+00:00,170.25,174.9,169.97,174.41
2007-10-23 00:00:00+00:00,188.53,188.6,182.76,186.16
2007-10-24 00:00:00+00:00,185.8,187.21,179.24,185.9
2007-10-25 00:00:00+00:00,184.87,185.9,181.66,182.78
2007-10-26 00:00:00+00:00,185.29,185.37,182.88,184.7
2007-10-29 00:00:00+00:00,185.45,186.59,184.7,185.0
2007-10-30 00:00:00+00:00,186.23,189.37,184.73,187.05
2007-10-31 00:00:00+00:00,187.67,190.12,184.95,189.87
2007-11-01 00:00:00+00:00,188.5,190.1,180.0,187.54
2007-11-02 00:00:00+00:00,189.21,189.44,183.49,187.84
2007-11-05 00:00:00+00:00,185.3,188.96,184.24,186.04
2007-11-06 00:00:00+00:00,187.18,192.0,185.27,191.91
2007-11-07 00:00:00+00:00,190.59,192.68,186.13,186.51
2007-11-08 00:00:00+00:00,186.67,186.9,167.77,175.48
2007-11-09 00:00:00+00:00,171.14,175.12,165.21,165.36
2007-11-12 00:00:00+00:00,165.3,167.7,150.63,153.65
2007-11-13 00:00:00+00:00,160.87,170.98,160.14,169.87
2007-11-14 00:00:00+00:00,177.17,177.57,163.74,166.09
2007-11-15 00:00:00+00:00,166.39,169.59,160.3,164.25
2007-11-16 00:00:00+00:00,165.26,167.02,159.33,166.32
2007-11-19 00:00:00+00:00,166.08,168.2,162.1,164.0
2007-11-20 00:00:00+00:00,165.7,171.79,163.53,168.81
2007-11-21 00:00:00+00:00,165.86,172.35,164.67,168.29
2007-11-23 00:00:00+00:00,171.93,172.05,169.75,171.62
2007-11-26 00:00:00+00:00,173.59,177.27,172.35,172.57
2007-11-27 00:00:00+00:00,175.22,175.79,170.01,174.8
2007-11-28 00:00:00+00:00,176.87,180.6,175.35,180.13
2007-11-29 00:00:00+00:00,179.51,185.17,179.15,184.33
2007-11-30 00:00:00+00:00,187.38,187.7,102.6,182.15
2007-12-03 00:00:00+00:00,181.86,184.14,177.7,178.98
2007-12-04 00:00:00+00:00,177.12,180.9,176.99,179.83
2007-12-05 00:00:00+00:00,182.92,186.0,182.41,185.45
2007-12-06 00:00:00+00:00,186.25,199.1,186.12,189.95
2007-12-07 00:00:00+00:00,190.4,194.99,188.04,194.26
2007-12-10 00:00:00+00:00,193.59,195.66,192.69,194.17
2007-12-11 00:00:00+00:00,194.79,196.83,187.39,188.36
2007-12-12 00:00:00+00:00,193.44,194.48,185.76,191.16
2007-12-13 00:00:00+00:00,190.24,192.12,187.82,191.82
2007-12-14 00:00:00+00:00,190.33,200.0,189.54,190.38
2007-12-17 00:00:00+00:00,190.71,192.65,182.98,184.48
2007-12-18 00:00:00+00:00,186.52,187.33,178.6,182.97
2007-12-19 00:00:00+00:00,182.98,184.64,180.9,183.03
2007-12-20 00:00:00+00:00,185.34,187.83,183.33,187.15
2007-12-21 00:00:00+00:00,190.13,193.57,189.89,193.23
2007-12-24 00:00:00+00:00,195.03,199.33,194.79,198.61
2007-12-26 00:00:00+00:00,199.01,200.96,196.82,198.92
2007-12-27 00:00:00+00:00,198.95,202.96,197.8,198.97
2007-12-28 00:00:00+00:00,200.59,201.56,196.88,199.78
2007-12-31 00:00:00+00:00,199.46,200.5,197.75,198.08
2008-08-01 00:00:00+00:00,160.0,160.0,155.75,156.66
2008-08-04 00:00:00+00:00,156.6,157.9,152.91,153.29
2008-08-05 00:00:00+00:00,155.43,160.8,154.82,160.55
2008-08-06 00:00:00+00:00,159.97,167.4,158.0,164.19
2008-08-07 00:00:00+00:00,162.71,166.15,161.5,163.82
2008-08-08 00:00:00+00:00,163.75,169.65,163.75,169.48
2008-08-11 00:00:00+00:00,170.12,176.5,169.67,173.55
2008-08-12 00:00:00+00:00,173.53,179.29,173.51,176.88
2008-08-13 00:00:00+00:00,177.91,180.0,175.9,179.32
2008-08-14 00:00:00+00:00,178.31,180.45,177.84,179.26
2008-08-15 00:00:00+00:00,178.97,180.36,167.58,175.7
2008-08-18 00:00:00+00:00,175.39,177.81,173.82,175.42
2008-08-19 00:00:00+00:00,174.54,177.07,171.81,173.54
2008-08-20 00:00:00+00:00,174.75,176.94,173.61,175.89
2008-08-21 00:00:00+00:00,174.45,175.45,171.89,174.24
2008-08-22 00:00:00+00:00,175.85,177.5,175.57,176.8
2008-08-25 00:00:00+00:00,175.98,176.23,171.66,172.75
2008-08-26 00:00:00+00:00,172.65,174.88,172.61,173.66
2008-08-27 00:00:00+00:00,173.32,175.76,172.19,174.75
2008-08-28 00:00:00+00:00,175.28,176.25,172.75,173.59
2008-08-29 00:00:00+00:00,172.99,173.5,169.04,169.63
2008-09-02 00:00:00+00:00,172.51,173.5,165.0,166.2
2008-09-03 00:00:00+00:00,166.93,168.68,164.0,166.9
2008-09-04 00:00:00+00:00,165.86,167.91,160.81,161.23
2008-09-05 00:00:00+00:00,158.61,162.4,157.65,160.0
2008-09-08 00:00:00+00:00,164.56,164.89,151.46,157.94
2008-09-09 00:00:00+00:00,156.86,159.96,149.79,151.53
2008-09-10 00:00:00+00:00,152.48,154.99,148.8,151.56
2008-09-11 00:00:00+00:00,148.18,152.99,146.0,152.72
2008-09-12 00:00:00+00:00,150.81,150.91,146.5,148.92
2008-09-15 00:00:00+00:00,142.03,147.69,140.51,140.6
2008-09-16 00:00:00+00:00,133.67,142.5,132.15,139.7
2008-09-17 00:00:00+00:00,138.35,138.51,127.86,127.86
2008-09-18 00:00:00+00:00,130.57,140.0,120.68,133.8
2008-09-19 00:00:00+00:00,142.74,144.2,137.0,140.78
2008-09-22 00:00:00+00:00,139.94,140.25,130.66,130.83
2008-09-23 00:00:00+00:00,131.79,135.8,126.66,126.83
2008-09-24 00:00:00+00:00,127.46,130.949,125.15,128.72
2008-09-25 00:00:00+00:00,129.82,134.79,128.52,131.94
2008-09-26 00:00:00+00:00,124.91,129.8,123.0,128.169
2008-09-29 00:00:00+00:00,119.7,119.7,100.59,105.88
2008-09-30 00:00:00+00:00,108.25,115.0,31.0,113.71
2008-10-01 00:00:00+00:00,111.89,112.36,21.7,109.12
2008-10-02 00:00:00+00:00,108.01,108.79,100.0,100.1
2008-10-03 00:00:00+00:00,103.98,106.5,94.65,97.12
2008-10-06 00:00:00+00:00,91.96,98.78,87.54,97.71
2008-10-07 00:00:00+00:00,100.45,101.5,88.95,89.37
2008-10-08 00:00:00+00:00,86.0,96.33,85.68,89.66
2008-10-09 00:00:00+00:00,93.32,95.8,86.6,89.0
2008-10-10 00:00:00+00:00,85.64,100.0,85.0,97.15
2008-10-13 00:00:00+00:00,104.55,110.53,101.02,110.38
2008-10-14 00:00:00+00:00,116.26,116.4,103.14,104.0
2008-10-15 00:00:00+00:00,103.83,107.0,97.89,97.95
2008-10-16 00:00:00+00:00,99.77,103.43,91.74,101.86
2008-10-17 00:00:00+00:00,99.6,102.04,97.01,97.35
2008-10-20 00:00:00+00:00,99.77,100.03,93.64,98.41
2008-10-21 00:00:00+00:00,96.86,97.9,91.16,91.37
2008-10-22 00:00:00+00:00,97.51,101.25,92.93,96.71
2008-10-23 00:00:00+00:00,96.51,99.25,91.9,98.22
2008-10-24 00:00:00+00:00,90.28,97.9,90.11,96.36
2008-10-27 00:00:00+00:00,95.2,97.63,91.86,92.1
2008-10-28 00:00:00+00:00,95.44,100.45,92.37,100.16
2008-10-29 00:00:00+00:00,100.86,109.54,99.94,104.56
2008-10-30 00:00:00+00:00,108.26,112.19,107.61,111.05
2008-10-31 00:00:00+00:00,107.29,110.78,105.14,107.94
2008-11-03 00:00:00+00:00,105.88,109.1,104.86,106.95
2008-11-04 00:00:00+00:00,109.98,111.79,106.67,110.85
2008-11-05 00:00:00+00:00,109.0,109.72,102.99,103.26
2008-11-06 00:00:00+00:00,101.1,102.78,98.0,99.15
2008-11-07 00:00:00+00:00,99.17,99.85,95.72,98.23
2008-11-10 00:00:00+00:00,100.28,100.4,94.5,95.82
2008-11-11 00:00:00+00:00,94.75,97.17,92.26,94.77
2008-11-12 00:00:00+00:00,92.48,93.24,90.01,90.12
2008-11-13 00:00:00+00:00,89.81,96.4,9.5,96.33
2008-11-14 00:00:00+00:00,93.74,93.99,90.0,90.19
2008-11-17 00:00:00+00:00,88.48,90.55,87.26,88.23
2008-11-18 00:00:00+00:00,89.72,90.99,86.86,89.93
2008-11-19 00:00:00+00:00,89.54,91.58,86.22,86.22
2008-11-20 00:00:00+00:00,85.22,86.45,80.0,80.5
2008-11-21 00:00:00+00:00,81.93,84.12,79.14,82.58
2008-11-24 00:00:00+00:00,85.21,94.79,84.84,92.82
2008-11-25 00:00:00+00:00,94.66,94.72,88.16,90.81
2008-11-26 00:00:00+00:00,90.09,95.25,89.83,95.1
2008-11-28 00:00:00+00:00,94.7,94.88,91.86,92.35
2008-12-01 00:00:00+00:00,91.33,92.27,89.0,89.0
2008-12-02 00:00:00+00:00,90.09,92.65,86.5,92.49
2008-12-03 00:00:00+00:00,89.4,96.23,88.8,95.92
2008-12-04 00:00:00+00:00,94.4,95.21,89.06,91.22
2008-12-05 00:00:00+00:00,90.35,94.49,88.86,94.01
2008-12-08 00:00:00+00:00,97.28,100.8,95.8,99.7
2008-12-09 00:00:00+00:00,98.09,103.6,97.21,100.05
2008-12-10 00:00:00+00:00,97.82,99.49,96.5,98.08
2008-12-11 00:00:00+00:00,97.17,101.24,94.83,95.02
2008-12-12 00:00:00+00:00,92.8,99.0,92.53,98.37
2008-12-15 00:00:00+00:00,96.01,96.21,93.0,94.75
2008-12-16 00:00:00+00:00,93.98,96.48,92.75,94.92
2008-12-17 00:00:00+00:00,91.03,91.1,88.02,89.15
2008-12-18 00:00:00+00:00,89.44,90.83,88.44,89.41
2008-12-19 00:00:00+00:00,89.9,90.94,88.8,89.9
2008-12-22 00:00:00+00:00,90.02,90.03,84.69,85.77
2008-12-23 00:00:00+00:00,86.87,87.87,85.9,86.41
2008-12-24 00:00:00+00:00,86.14,86.25,84.55,85.07
2008-12-26 00:00:00+00:00,86.64,87.42,85.24,85.82
2008-12-29 00:00:00+00:00,86.7,87.62,85.07,86.6
2008-12-30 00:00:00+00:00,87.48,88.05,84.72,86.29
2008-12-31 00:00:00+00:00,85.84,87.74,85.34,85.34
2009-01-02 00:00:00+00:00,85.62,91.04,85.16,90.68
2009-01-05 00:00:00+00:00,93.2,96.18,92.71,94.61
2009-01-06 00:00:00+00:00,95.87,97.17,92.39,93.0
2009-01-07 00:00:00+00:00,91.8,92.5,90.26,91.0
2009-01-08 00:00:00+00:00,90.5,93.15,90.04,92.8
2009-01-09 00:00:00+00:00,93.3,93.38,90.14,90.58
2009-01-12 00:00:00+00:00,90.46,90.99,87.55,88.66
2009-01-13 00:00:00+00:00,88.24,89.74,86.35,87.69
2009-01-14 00:00:00+00:00,86.38,87.25,84.72,85.35
2009-01-15 00:00:00+00:00,80.57,84.12,80.05,83.42
2009-01-16 00:00:00+00:00,84.29,84.38,80.4,82.32
2009-01-20 00:00:00+00:00,81.79,82.0,78.22,78.25
2009-01-21 00:00:00+00:00,79.45,82.88,79.31,82.84
2009-01-22 00:00:00+00:00,88.04,90.0,85.82,88.5
2009-01-23 00:00:00+00:00,86.82,89.87,86.5,88.37
2009-01-26 00:00:00+00:00,88.89,90.97,88.3,89.65
2009-01-27 00:00:00+00:00,90.25,91.55,89.74,90.7
2009-01-28 00:00:00+00:00,92.12,95.0,91.5,94.32
2009-01-29 00:00:00+00:00,93.09,94.34,92.6,93.0
2009-01-30 00:00:00+00:00,92.57,93.62,90.01,90.14
2009-02-02 00:00:00+00:00,89.1,92.0,88.9,91.53
2009-02-03 00:00:00+00:00,91.9,93.38,90.28,92.96
2009-02-04 00:00:00+00:00,93.25,96.25,93.1,93.57
2009-02-05 00:00:00+00:00,92.82,97.25,92.62,96.43
2009-02-06 00:00:00+00:00,97.11,100.0,97.0,99.93
2009-02-09 00:00:00+00:00,99.9,103.0,98.39,102.6
2009-02-10 00:00:00+00:00,101.2,102.51,97.06,97.96
2009-02-11 00:00:00+00:00,96.39,98.31,95.77,96.83
2009-02-12 00:00:00+00:00,95.89,99.75,95.83,99.33
2009-02-13 00:00:00+00:00,98.99,99.94,98.12,99.12
2009-02-17 00:00:00+00:00,96.87,97.04,94.28,94.53
2009-02-18 00:00:00+00:00,95.05,95.85,92.72,94.38
2009-02-19 00:00:00+00:00,93.37,94.25,90.11,90.64
2009-02-20 00:00:00+00:00,89.35,92.4,89.0,91.13
2009-02-23 00:00:00+00:00,91.65,92.0,86.51,87.09
2009-02-24 00:00:00+00:00,87.44,90.89,87.0,90.25
2009-02-25 00:00:00+00:00,89.98,92.92,89.25,91.07
2009-02-26 00:00:00+00:00,91.9,92.92,88.96,89.02
2009-02-27 00:00:00+00:00,87.8,91.3,87.67,89.32
2009-03-02 00:00:00+00:00,88.16,91.2,87.67,88.11
2009-03-03 00:00:00+00:00,88.96,90.74,87.88,88.36
2009-03-04 00:00:00+00:00,90.11,92.77,89.45,91.38
2009-03-05 00:00:00+00:00,90.49,91.87,88.45,88.97
2009-03-06 00:00:00+00:00,88.34,88.4,82.33,85.42
2009-03-09 00:00:00+00:00,84.15,87.6,82.57,83.15
2009-03-10 00:00:00+00:00,84.87,89.17,84.36,88.44
2009-03-11 00:00:00+00:00,89.81,94.07,89.58,92.68
2009-03-12 00:00:00+00:00,92.9,96.58,92.0,96.34
2009-03-13 00:00:00+00:00,96.3,97.2,95.01,95.93
2009-03-16 00:00:00+00:00,96.53,97.39,94.18,95.48
2009-03-17 00:00:00+00:00,95.28,99.69,95.07,99.65
2009-03-18 00:00:00+00:00,99.9,103.48,99.72,101.56
2009-03-19 00:00:00+00:00,101.85,103.2,100.25,101.64
2009-03-20 00:00:00+00:00,102.0,103.11,100.57,101.49
2009-03-23 00:00:00+00:00,102.75,108.16,101.75,107.61
2009-03-24 00:00:00+00:00,106.36,109.44,105.39,106.52
2009-03-25 00:00:00+00:00,107.52,108.36,103.86,106.49
2009-03-26 00:00:00+00:00,107.83,109.98,107.58,109.87
2009-03-27 00:00:00+00:00,108.29,108.53,106.4,107.13
2009-03-30 00:00:00+00:00,104.32,105.01,102.61,104.45
2009-03-31 00:00:00+00:00,105.45,107.45,105.0,105.15
2009-04-01 00:00:00+00:00,104.1,109.0,103.89,108.69
2009-04-02 00:00:00+00:00,110.14,114.75,109.78,112.7
2009-04-03 00:00:00+00:00,114.31,116.13,113.52,115.98
2009-04-06 00:00:00+00:00,114.94,118.75,113.28,118.44
2009-04-07 00:00:00+00:00,116.5,116.67,114.19,115.0
2009-04-08 00:00:00+00:00,115.43,116.79,114.58,116.32
2009-04-09 00:00:00+00:00,118.49,120.0,117.96,119.64
2009-04-13 00:00:00+00:00,119.97,120.98,119.0,120.21
2009-04-14 00:00:00+00:00,119.57,120.17,117.25,118.32
2009-04-15 00:00:00+00:00,117.15,118.25,115.76,117.54
2009-04-16 00:00:00+00:00,119.18,123.15,118.79,121.55
2009-04-17 00:00:00+00:00,120.85,124.25,120.25,123.4
2009-04-20 00:00:00+00:00,121.8,122.99,119.16,120.48
2009-04-21 00:00:00+00:00,118.89,122.14,118.6,121.77
2009-04-22 00:00:00+00:00,122.6,125.35,121.2,121.55
2009-04-23 00:00:00+00:00,126.59,127.2,123.51,125.62
2009-04-24 00:00:00+00:00,124.64,125.14,122.97,123.89
2009-04-27 00:00:00+00:00,122.8,125.0,122.66,124.73
2009-04-28 00:00:00+00:00,123.38,126.21,123.26,123.98
2009-04-29 00:00:00+00:00,124.88,126.85,123.83,125.41
2009-04-30 00:00:00+00:00,126.2,127.0,124.92,125.8
2009-05-01 00:00:00+00:00,125.8,127.95,125.8,127.21
2009-05-04 00:00:00+00:00,128.22,132.25,127.4,132.19
2009-05-05 00:00:00+00:00,131.85,132.86,131.12,132.7
2009-05-06 00:00:00+00:00,133.4,133.5,130.22,132.49
2009-05-07 00:00:00+00:00,132.33,132.39,127.9,129.039
2009-05-08 00:00:00+00:00,129.039,133.49,126.26,129.229
2009-05-11 00:00:00+00:00,127.37,130.96,127.12,129.52
2009-05-12 00:00:00+00:00,129.58,129.71,123.25,124.46
2009-05-13 00:00:00+00:00,123.21,124.02,119.4,119.41
2009-05-14 00:00:00+00:00,119.75,123.53,119.7,122.95
2009-05-15 00:00:00+00:00,122.24,124.62,121.61,122.34
2009-05-18 00:00:00+00:00,123.73,126.7,121.57,126.66
2009-05-19 00:00:00+00:00,126.82,129.31,125.74,127.47
2009-05-20 00:00:00+00:00,127.76,129.21,125.3,125.89
2009-05-21 00:00:00+00:00,125.15,126.78,122.89,123.92
2009-05-22 00:00:00+00:00,124.07,124.18,121.75,122.5
2009-05-26 00:00:00+00:00,124.76,130.83,124.52,130.75
2009-05-27 00:00:00+00:00,131.78,134.98,130.91,132.96
2009-05-28 00:00:00+00:00,133.45,135.39,132.03,135.02
2009-05-29 00:00:00+00:00,135.36,135.9,133.85,135.82
2009-06-01 00:00:00+00:00,136.47,139.99,136.0,139.34
2009-06-02 00:00:00+00:00,138.71,141.34,138.35,139.48
2009-06-03 00:00:00+00:00,140.0,141.11,139.07,141.03
2009-06-04 00:00:00+00:00,140.13,144.18,140.04,143.67
2009-06-05 00:00:00+00:00,145.31,146.4,141.7,144.69
2009-06-08 00:00:00+00:00,143.82,144.23,139.43,143.73
2009-06-09 00:00:00+00:00,143.81,144.56,140.55,142.6
2009-06-10 00:00:00+00:00,142.36,142.43,138.3,140.2
2009-06-11 00:00:00+00:00,139.61,141.56,138.55,139.78
2009-06-12 00:00:00+00:00,138.81,139.1,136.04,136.82
2009-06-15 00:00:00+00:00,136.06,136.93,134.89,136.09
2009-06-16 00:00:00+00:00,136.67,138.47,136.1,136.35
2009-06-17 00:00:00+00:00,136.63,137.45,134.53,135.65
2009-06-18 00:00:00+00:00,136.06,138.0,135.59,135.91
2009-06-19 00:00:00+00:00,138.01,139.5,135.88,139.43
2009-06-22 00:00:00+00:00,140.65,141.56,136.33,137.36
2009-06-23 00:00:00+00:00,136.4,136.95,132.88,133.96
2009-06-24 00:00:00+00:00,135.42,137.5,134.86,136.26
2009-06-25 00:00:00+00:00,135.77,140.2,135.21,139.94
2009-06-26 00:00:00+00:00,139.79,143.56,139.74,142.5
2009-06-29 00:00:00+00:00,143.46,143.95,141.54,141.96
2009-06-30 00:00:00+00:00,142.58,143.8,141.8,142.52
2009-07-01 00:00:00+00:00,143.49,144.66,142.52,142.83
2009-07-02 00:00:00+00:00,141.25,141.32,139.79,140.03
2009-07-06 00:00:00+00:00,138.73,138.99,136.25,138.61
2009-07-07 00:00:00+00:00,138.44,139.68,135.18,135.41
2009-07-08 00:00:00+00:00,135.92,138.04,134.42,137.23
2009-07-09 00:00:00+00:00,137.83,100000.0,135.93,136.3
2009-07-10 00:00:00+00:00,136.34,138.97,136.29,138.49
2009-07-13 00:00:00+00:00,139.51,142.33,137.53,142.33
2009-07-14 00:00:00+00:00,141.88,143.18,141.16,142.27
2009-07-15 00:00:00+00:00,145.04,147.0,144.32,146.82
2009-07-16 00:00:00+00:00,145.88,148.02,145.57,147.49
2009-07-17 00:00:00+00:00,149.08,152.02,148.63,151.75
2009-07-20 00:00:00+00:00,153.26,155.04,150.89,152.95
2009-07-21 00:00:00+00:00,153.28,153.43,149.75,151.6
2009-07-22 00:00:00+00:00,157.7,158.73,156.11,156.71
2009-07-23 00:00:00+00:00,156.61,158.44,155.56,157.83
2009-07-24 00:00:00+00:00,156.95,160.0,156.5,160.0
2009-07-27 00:00:00+00:00,160.17,160.88,157.26,160.11
2009-07-28 00:00:00+00:00,158.96,160.11,157.6,159.99
2009-07-29 00:00:00+00:00,158.91,160.45,158.25,160.05
2009-07-30 00:00:00+00:00,161.69,164.72,161.5,162.75
2009-07-31 00:00:00+00:00,163.0,165.0,162.91,163.58
2009-08-03 00:00:00+00:00,165.21,166.64,164.87,166.42
2009-08-04 00:00:00+00:00,164.99,165.57,164.21,165.5
2009-08-05 00:00:00+00:00,165.8,167.39,164.21,165.0
2009-08-06 00:00:00+00:00,165.58,166.51,163.09,163.91
2009-08-07 00:00:00+00:00,165.42,166.6,164.8,165.58
2009-08-10 00:00:00+00:00,165.66,166.6,163.66,164.66
2009-08-11 00:00:00+00:00,163.69,164.38,161.88,162.87
2009-08-12 00:00:00+00:00,162.55,166.71,162.46,165.47
2009-08-13 00:00:00+00:00,166.64,168.67,166.5,168.42
2009-08-14 00:00:00+00:00,167.91,168.23,165.53,166.8
2009-08-17 00:00:00+00:00,163.59,163.6,159.42,159.62
2009-08-18 00:00:00+00:00,161.63,164.24,161.41,164.0
2009-08-19 00:00:00+00:00,162.75,165.3,162.45,164.6
2009-08-20 00:00:00+00:00,164.99,166.72,164.61,166.4
2009-08-21 00:00:00+00:00,167.72,169.37,166.8,169.2
2009-08-24 00:00:00+00:00,170.12,170.71,168.27,169.2
2009-08-25 00:00:00+00:00,169.51,170.94,169.13,169.4
2009-08-26 00:00:00+00:00,168.92,169.8,166.76,167.41
2009-08-27 00:00:00+00:00,168.73,169.57,164.83,169.44
2009-08-28 00:00:00+00:00,172.27,172.49,168.53,169.94
2009-08-31 00:00:00+00:00,168.16,168.85,166.5,168.24
2009-09-01 00:00:00+00:00,167.99,170.0,164.94,165.3
2009-09-02 00:00:00+00:00,164.62,167.61,164.11,165.15
2009-09-03 00:00:00+00:00,166.44,167.1,165.0,166.53
2009-09-04 00:00:00+00:00,167.22,170.7,167.09,170.25
2009-09-08 00:00:00+00:00,172.6,173.14,172.0,172.92
2009-09-09 00:00:00+00:00,172.82,174.47,169.7,171.04
2009-09-10 00:00:00+00:00,172.05,173.25,170.81,172.61
2009-09-11 00:00:00+00:00,172.91,173.18,170.87,172.16
2009-09-14 00:00:00+00:00,170.94,173.9,170.25,173.7
2009-09-15 00:00:00+00:00,174.04,175.65,173.59,175.16
2009-09-16 00:00:00+00:00,177.94,182.75,177.88,181.88
2009-09-17 00:00:00+00:00,181.96,186.79,181.96,184.57
2009-09-18 00:00:00+00:00,185.86,186.55,184.76,185.01
2009-09-21 00:00:00+00:00,184.34,185.16,10.59,184.08
2009-09-22 00:00:00+00:00,185.18,185.38,182.85,184.54
2009-09-23 00:00:00+00:00,185.4,188.9,185.03,185.53
2009-09-24 00:00:00+00:00,187.29,187.7,182.77,183.82
2009-09-25 00:00:00+00:00,182.01,185.5,181.44,182.18
2009-09-28 00:00:00+00:00,183.85,186.68,183.33,186.16
2009-09-29 00:00:00+00:00,186.73,187.4,184.31,185.42
2009-09-30 00:00:00+00:00,186.13,186.45,182.61,185.37
2009-10-01 00:00:00+00:00,185.35,186.22,180.7,180.76
2009-10-02 00:00:00+00:00,181.4,185.94,181.35,184.9
2009-10-05 00:00:00+00:00,186.21,186.86,184.27,186.0
2009-10-06 00:00:00+00:00,187.75,190.0,187.3,190.0
2009-10-07 00:00:00+00:00,189.68,190.55,189.03,190.24
2009-10-08 00:00:00+00:00,190.76,191.45,188.89,189.25
2009-10-09 00:00:00+00:00,188.97,190.7,188.62,190.45
2009-10-12 00:00:00+00:00,191.08,191.51,189.64,190.81
2009-10-13 00:00:00+00:00,190.59,191.17,189.7,189.98
2009-10-14 00:00:00+00:00,192.25,192.32,190.23,191.3
2009-10-15 00:00:00+00:00,189.63,190.92,189.53,190.56
2009-10-16 00:00:00+00:00,189.34,190.36,187.84,188.1
2009-10-19 00:00:00+00:00,187.85,190.0,185.55,189.96
2009-10-20 00:00:00+00:00,200.6,202.47,197.85,198.78
2009-10-21 00:00:00+00:00,199.52,208.71,199.23,204.98
2009-10-22 00:00:00+00:00,204.71,207.85,202.51,205.2
2009-10-23 00:00:00+00:00,205.84,205.9,203.23,203.88
2009-10-26 00:00:00+00:00,203.49,206.75,200.1,202.28
2009-10-27 00:00:00+00:00,201.66,202.81,196.45,197.38
2009-10-28 00:00:00+00:00,197.52,198.02,191.1,192.27
2009-10-29 00:00:00+00:00,194.87,196.81,192.14,196.39
2009-10-30 00:00:00+00:00,195.99,196.8,186.07,188.5
2009-11-02 00:00:00+00:00,189.79,192.88,185.57,189.29
2009-11-03 00:00:00+00:00,187.97,189.52,185.92,188.71
2009-11-04 00:00:00+00:00,190.72,193.85,190.23,190.87
2009-11-05 00:00:00+00:00,192.37,195.0,191.82,194.16
2009-11-06 00:00:00+00:00,192.65,195.19,192.4,194.35
2009-11-09 00:00:00+00:00,196.94,201.9,196.26,201.5
2009-11-10 00:00:00+00:00,201.15,204.98,201.01,202.98
2009-11-11 00:00:00+00:00,204.63,205.0,201.83,203.26
2009-11-12 00:00:00+00:00,203.29,204.87,201.43,202.0
2009-11-13 00:00:00+00:00,202.9,204.83,202.07,204.49
2009-11-16 00:00:00+00:00,205.48,208.0,205.01,206.45
2009-11-17 00:00:00+00:00,206.08,207.44,205.0,206.99
2009-11-18 00:00:00+00:00,206.54,207.0,204.0,205.96
2009-11-19 00:00:00+00:00,204.7,204.76,199.8,200.5
2009-11-20 00:00:00+00:00,199.01,200.39,197.76,199.93
2009-11-23 00:00:00+00:00,203.0,206.0,202.95,205.87
2009-11-24 00:00:00+00:00,205.33,205.33,202.9,204.44
2009-11-25 00:00:00+00:00,205.5,205.65,203.76,204.13
2009-11-27 00:00:00+00:00,199.22,202.96,198.37,200.52
2009-11-30 00:00:00+00:00,201.19,201.68,198.77,199.95
2009-12-01 00:00:00+00:00,202.23,202.77,196.83,196.91
2009-12-02 00:00:00+00:00,198.84,201.42,195.75,196.12
2009-12-03 00:00:00+00:00,197.5,198.98,196.27,196.5
2009-12-04 00:00:00+00:00,199.62,199.88,190.28,193.32
2009-12-07 00:00:00+00:00,193.32,193.77,188.68,189.0
2009-12-08 00:00:00+00:00,189.18,192.35,188.7,189.83
2009-12-09 00:00:00+00:00,191.23,198.16,190.31,197.45
2009-12-10 00:00:00+00:00,199.49,199.7,196.12,196.6
2009-12-11 00:00:00+00:00,197.66,198.0,193.43,194.7
2009-12-14 00:00:00+00:00,195.37,197.43,192.56,197.02
2009-12-15 00:00:00+00:00,195.83,197.51,193.27,194.17
2009-12-16 00:00:00+00:00,195.1,196.5,194.55,195.03
2009-12-17 00:00:00+00:00,194.26,195.02,191.77,191.77
2009-12-18 00:00:00+00:00,193.17,195.26,192.2,195.16
2009-12-21 00:00:00+00:00,196.05,199.75,195.67,198.23
2009-12-22 00:00:00+00:00,199.44,200.85,198.66,200.49
2009-12-23 00:00:00+00:00,201.2,202.38,200.81,202.19
2009-12-24 00:00:00+00:00,203.55,209.35,203.31,209.0
2009-12-28 00:00:00+00:00,211.72,213.95,209.61,211.58
2009-12-29 00:00:00+00:00,212.59,212.72,208.73,209.07
2009-12-30 00:00:00+00:00,208.82,212.0,208.31,211.8
2009-12-31 00:00:00+00:00,213.15,213.35,210.56,210.84
2010-01-04 00:00:00+00:00,213.41,214.5,212.38,214.18
2010-01-05 00:00:00+00:00,214.48,215.59,213.25,214.38
2010-01-06 00:00:00+00:00,214.38,215.23,210.75,210.94
2010-01-07 00:00:00+00:00,211.75,212.0,209.05,210.58
2010-01-08 00:00:00+00:00,210.3,212.0,209.06,211.89
2010-01-11 00:00:00+00:00,212.9,213.0,208.45,210.07
2010-01-12 00:00:00+00:00,209.19,209.77,206.42,207.73
2010-01-13 00:00:00+00:00,207.87,210.93,204.1,210.4
2010-01-14 00:00:00+00:00,210.11,210.46,209.02,209.43
2010-01-15 00:00:00+00:00,210.93,211.6,205.87,205.9
2010-01-19 00:00:00+00:00,208.37,215.19,207.24,215.11
2010-01-20 00:00:00+00:00,214.84,215.55,209.5,211.94
2010-01-21 00:00:00+00:00,212.08,213.31,207.21,208.09
2010-01-22 00:00:00+00:00,206.78,207.5,197.16,197.55
2010-01-25 00:00:00+00:00,202.51,204.7,200.19,202.5
2010-01-26 00:00:00+00:00,205.79,213.71,202.58,205.89
2010-01-27 00:00:00+00:00,206.83,210.58,199.53,207.97
2010-01-28 00:00:00+00:00,204.9,205.5,198.7,199.3
2010-01-29 00:00:00+00:00,201.07,202.2,190.25,192.12
2010-02-01 00:00:00+00:00,192.38,196.0,191.3,194.71
2010-02-02 00:00:00+00:00,195.76,196.32,193.38,195.82
2010-02-03 00:00:00+00:00,195.21,200.2,194.42,199.22
2010-02-04 00:00:00+00:00,196.78,198.37,191.57,192.0
2010-02-05 00:00:00+00:00,192.63,196.0,190.85,195.3
2010-02-08 00:00:00+00:00,195.69,197.88,194.0,194.01
2010-02-09 00:00:00+00:00,196.3,197.5,194.75,196.19
2010-02-10 00:00:00+00:00,195.89,196.6,194.26,195.25
2010-02-11 00:00:00+00:00,194.9,199.75,194.06,198.72
2010-02-12 00:00:00+00:00,198.19,201.64,195.5,200.6
2010-02-16 00:00:00+00:00,201.95,203.69,197.47,203.42
2010-02-17 00:00:00+00:00,204.19,204.31,200.86,202.54
2010-02-18 00:00:00+00:00,201.61,203.89,200.92,203.04
2010-02-19 00:00:00+00:00,201.91,203.2,201.11,201.64
2010-02-22 00:00:00+00:00,202.34,202.5,199.19,200.44
2010-02-23 00:00:00+00:00,199.93,201.33,195.71,196.98
2010-02-24 00:00:00+00:00,198.23,201.44,197.84,200.55
2010-02-25 00:00:00+00:00,197.36,202.86,196.89,202.0
2010-02-26 00:00:00+00:00,202.38,205.17,202.0,204.64
2010-03-01 00:00:00+00:00,205.7,209.5,205.45,209.01
2010-03-02 00:00:00+00:00,209.98,210.83,207.74,208.8
2010-03-03 00:00:00+00:00,208.94,209.87,207.94,209.33
2010-03-04 00:00:00+00:00,209.33,210.92,208.63,210.75
2010-03-05 00:00:00+00:00,214.99,219.7,214.63,219.0
2010-03-08 00:00:00+00:00,220.02,220.09,218.25,219.03
2010-03-09 00:00:00+00:00,218.31,225.0,217.89,223.17
2010-03-10 00:00:00+00:00,223.81,225.48,223.2,224.84
2010-03-11 00:00:00+00:00,223.91,225.5,223.32,225.5
2010-03-12 00:00:00+00:00,227.35,227.73,225.75,226.58
2010-03-15 00:00:00+00:00,225.38,225.5,220.25,223.9
2010-03-16 00:00:00+00:00,224.18,224.98,222.51,224.55
2010-03-17 00:00:00+00:00,224.95,226.45,223.27,224.07
2010-03-18 00:00:00+00:00,224.2,225.0,222.61,224.75
2010-03-19 00:00:00+00:00,224.97,225.24,221.23,222.21
2010-03-22 00:00:00+00:00,220.47,226.0,220.15,224.88
2010-03-23 00:00:00+00:00,225.53,228.78,224.1,228.39
2010-03-24 00:00:00+00:00,227.64,230.2,227.51,229.36
2010-03-25 00:00:00+00:00,230.92,230.98,226.25,226.73
2010-03-26 00:00:00+00:00,228.96,231.95,228.55,230.91
2010-03-29 00:00:00+00:00,232.9,233.87,231.62,232.45
2010-03-30 00:00:00+00:00,236.6,237.48,234.25,235.83
2010-03-31 00:00:00+00:00,235.49,236.61,234.46,234.92
2010-04-01 00:00:00+00:00,237.43,238.73,232.75,235.97
2010-04-05 00:00:00+00:00,234.98,238.5,234.77,238.5
2010-04-06 00:00:00+00:00,238.2,240.24,237.0,239.54
2010-04-07 00:00:00+00:00,239.56,241.92,238.66,240.54
2010-04-08 00:00:00+00:00,240.44,241.54,238.04,239.95
2010-04-09 00:00:00+00:00,241.37,241.88,240.46,241.88
2010-04-12 00:00:00+00:00,242.25,243.07,241.81,242.31
2010-04-13 00:00:00+00:00,241.89,242.8,241.11,242.34
2010-04-14 00:00:00+00:00,245.28,245.81,244.07,245.63
2010-04-15 00:00:00+00:00,245.77,249.03,245.51,248.92
2010-04-16 00:00:00+00:00,248.57,251.14,244.55,247.44
2010-04-19 00:00:00+00:00,247.01,247.89,241.77,247.08
2010-04-20 00:00:00+00:00,248.45,249.25,242.96,244.61
2010-04-21 00:00:00+00:00,258.8,260.25,255.73,259.24
2010-04-22 00:00:00+00:00,258.2,266.75,256.2,266.33
2010-04-23 00:00:00+00:00,267.99,272.18,267.0,270.85
2010-04-26 00:00:00+00:00,271.88,272.46,268.19,269.48
2010-04-27 00:00:00+00:00,267.27,267.84,260.519,262.23
2010-04-28 00:00:00+00:00,263.25,264.0,256.41,261.61
2010-04-29 00:00:00+00:00,263.05,270.0,262.01,268.6
2010-04-30 00:00:00+00:00,269.31,270.57,261.0,261.01
2010-05-03 00:00:00+00:00,263.84,267.88,262.88,266.36
2010-05-04 00:00:00+00:00,263.01,263.29,256.75,258.66
2010-05-05 00:00:00+00:00,253.01,258.14,248.73,256.12
2010-05-06 00:00:00+00:00,253.83,100000.0,199.25,246.05
2010-05-07 00:00:00+00:00,243.71,246.57,225.21,235.82
2010-05-10 00:00:00+00:00,250.16,254.65,248.53,253.89
2010-05-11 00:00:00+00:00,251.84,259.89,250.5,256.57
2010-05-12 00:00:00+00:00,258.99,263.13,258.7,262.079
2010-05-13 00:00:00+00:00,263.14,265.0,256.399,258.269
2010-05-14 00:00:00+00:00,255.2,256.48,249.5,254.0
2010-05-17 00:00:00+00:00,254.7,256.18,247.71,254.15
2010-05-18 00:00:00+00:00,256.97,258.55,250.26,252.33
2010-05-19 00:00:00+00:00,249.6,252.92,244.85,248.31
2010-05-20 00:00:00+00:00,241.88,243.85,236.21,237.57
2010-05-21 00:00:00+00:00,232.82,244.5,231.35,242.33
2010-05-24 00:00:00+00:00,247.17,250.9,246.26,246.75
2010-05-25 00:00:00+00:00,239.38,246.76,237.16,245.2
2010-05-26 00:00:00+00:00,250.03,252.13,243.75,244.11
2010-05-27 00:00:00+00:00,250.6,253.89,249.11,253.49
2010-05-28 00:00:00+00:00,259.279,259.399,253.35,256.99
2010-06-01 00:00:00+00:00,259.68,265.94,258.959,260.8
2010-06-02 00:00:00+00:00,264.54,264.8,260.339,263.94
2010-06-03 00:00:00+00:00,265.15,265.55,260.41,263.3
2010-06-04 00:00:00+00:00,258.209,261.899,254.63,256.089
2010-06-07 00:00:00+00:00,258.29,259.149,250.55,250.95
2010-06-08 00:00:00+00:00,253.23,253.8,245.65,249.38
2010-06-09 00:00:00+00:00,251.46,251.9,242.49,243.21
2010-06-10 00:00:00+00:00,244.67,250.98,242.2,250.74
2010-06-11 00:00:00+00:00,248.23,253.86,247.37,253.51
2010-06-14 00:00:00+00:00,255.95,259.149,254.01,254.18
2010-06-15 00:00:00+00:00,255.64,259.85,255.5,259.8
2010-06-16 00:00:00+00:00,261.1,267.75,260.63,267.28
2010-06-17 00:00:00+00:00,270.65,272.9,269.5,271.82
2010-06-18 00:00:00+00:00,272.17,275.0,271.42,274.07
2010-06-21 00:00:00+00:00,277.72,279.01,268.73,270.36
2010-06-22 00:00:00+00:00,272.07,275.97,271.5,273.46
2010-06-23 00:00:00+00:00,274.58,274.66,267.9,270.98
2010-06-24 00:00:00+00:00,271.12,273.2,268.1,268.73
2010-06-25 00:00:00+00:00,270.11,270.27,265.81,266.01
2010-06-28 00:00:00+00:00,266.93,269.75,264.52,268.3
2010-06-29 00:00:00+00:00,264.22,264.39,254.3,256.29
2010-06-30 00:00:00+00:00,256.709,257.97,250.01,251.54
2010-07-01 00:00:00+00:00,254.3,254.79,243.22,248.47
2010-07-02 00:00:00+00:00,250.5,250.93,243.2,247.0
2010-07-06 00:00:00+00:00,251.0,252.8,246.16,248.6
2010-07-07 00:00:00+00:00,250.49,258.769,249.75,258.769
2010-07-08 00:00:00+00:00,262.54,262.9,254.89,258.0
2010-07-09 00:00:00+00:00,256.88,259.899,255.16,259.7
2010-07-12 00:00:00+00:00,258.54,261.85,254.86,257.3
2010-07-13 00:00:00+00:00,256.36,256.399,246.43,252.11
2010-07-14 00:00:00+00:00,249.35,255.8,249.0,252.84
2010-07-15 00:00:00+00:00,248.14,256.97,247.3,251.3
2010-07-16 00:00:00+00:00,253.05,254.97,248.41,249.86
2010-07-19 00:00:00+00:00,249.88,249.88,239.6,245.64
2010-07-20 00:00:00+00:00,242.9,252.9,240.01,252.07
2010-07-21 00:00:00+00:00,265.12,265.15,254.0,254.25
2010-07-22 00:00:00+00:00,257.579,260.0,255.31,259.29
2010-07-23 00:00:00+00:00,257.079,260.38,256.279,260.05
2010-07-26 00:00:00+00:00,260.029,260.1,257.709,259.269
2010-07-27 00:00:00+00:00,260.87,264.8,260.3,264.01
2010-07-28 00:00:00+00:00,263.66,265.99,260.25,260.98
2010-07-29 00:00:00+00:00,260.709,262.65,256.1,258.11
2010-07-30 00:00:00+00:00,255.98,259.7,254.9,257.29
2010-08-02 00:00:00+00:00,260.38,262.59,259.62,261.769
2010-08-03 00:00:00+00:00,261.01,263.26,259.42,261.92
2010-08-04 00:00:00+00:00,262.84,264.28,260.31,262.94
2010-08-05 00:00:00+00:00,261.73,263.18,260.55,261.7
2010-08-06 00:00:00+00:00,259.79,261.49,257.63,260.149
2010-08-09 00:00:00+00:00,261.44,262.15,259.57,261.8
2010-08-10 00:00:00+00:00,259.85,260.45,257.55,259.399
2010-08-11 00:00:00+00:00,255.34,255.69,249.81,250.07
2010-08-12 00:00:00+00:00,246.65,253.1,246.12,251.79
2010-08-13 00:00:00+00:00,251.15,251.88,249.09,249.1
2010-08-16 00:00:00+00:00,247.63,250.01,246.62,247.67
2010-08-17 00:00:00+00:00,250.08,254.63,249.2,252.12
2010-08-18 00:00:00+00:00,252.52,254.67,251.58,253.07
2010-08-19 00:00:00+00:00,252.78,253.48,248.68,249.83
2010-08-20 00:00:00+00:00,249.33,253.92,249.0,249.66
2010-08-23 00:00:00+00:00,251.79,252.0,245.25,245.8
2010-08-24 00:00:00+00:00,242.67,243.0,238.65,240.25
2010-08-25 00:00:00+00:00,238.04,243.99,237.2,242.89
2010-08-26 00:00:00+00:00,245.37,245.74,240.28,240.29
2010-08-27 00:00:00+00:00,241.78,242.61,235.56,241.59
2010-08-30 00:00:00+00:00,240.76,245.75,240.68,242.51
2010-08-31 00:00:00+00:00,241.78,244.56,25.3,243.37
2010-09-01 00:00:00+00:00,247.47,251.46,246.28,250.27
2010-09-02 00:00:00+00:00,251.31,252.17,248.57,252.17
2010-09-03 00:00:00+00:00,255.08,258.779,254.5,258.769
2010-09-07 00:00:00+00:00,256.64,259.529,46.6,257.95
2010-09-08 00:00:00+00:00,259.779,264.39,259.1,262.91
2010-09-09 00:00:00+00:00,265.09,266.52,263.02,263.07
2010-09-10 00:00:00+00:00,263.09,264.5,261.399,263.4
2010-09-13 00:00:00+00:00,265.95,268.28,265.76,267.3
2010-09-14 00:00:00+00:00,266.19,269.17,265.52,268.04
2010-09-15 00:00:00+00:00,268.17,270.38,267.84,270.23
2010-09-16 00:00:00+00:00,270.28,276.67,269.5,276.57
2010-09-17 00:00:00+00:00,277.69,277.96,273.68,275.46
2010-09-20 00:00:00+00:00,276.16,283.78,275.85,283.4
2010-09-21 00:00:00+00:00,283.98,287.35,282.79,284.15
2010-09-22 00:00:00+00:00,282.71,287.98,282.41,287.74
2010-09-23 00:00:00+00:00,286.58,292.76,286.0,288.92
2010-09-24 00:00:00+00:00,292.0,293.53,290.55,292.48
2010-09-27 00:00:00+00:00,293.98,294.73,291.01,291.02
2010-09-28 00:00:00+00:00,291.71,291.77,275.0,286.85
2010-09-29 00:00:00+00:00,287.45,289.81,286.0,287.34
2010-09-30 00:00:00+00:00,289.01,290.0,281.25,283.75
2010-10-01 00:00:00+00:00,286.4,286.58,281.35,282.52
2010-10-04 00:00:00+00:00,281.6,282.9,277.77,278.6
2010-10-05 00:00:00+00:00,281.96,289.44,281.82,289.44
2010-10-06 00:00:00+00:00,289.64,291.99,285.26,288.96
2010-10-07 00:00:00+00:00,290.26,290.48,286.91,289.1
2010-10-08 00:00:00+00:00,291.83,294.5,290.0,294.11
2010-10-11 00:00:00+00:00,294.75,297.24,294.6,295.36
2010-10-12 00:00:00+00:00,295.41,299.5,292.49,298.74
2010-10-13 00:00:00+00:00,300.2,301.96,299.8,300.2
2010-10-14 00:00:00+00:00,301.38,302.47,300.4,302.27
2010-10-15 00:00:00+00:00,307.27,315.0,304.91,314.97
2010-10-18 00:00:00+00:00,318.45,319.0,314.29,317.92
2010-10-19 00:00:00+00:00,303.38,315.73,300.02,309.65
2010-10-20 00:00:00+00:00,309.0,314.25,306.87,310.53
2010-10-21 00:00:00+00:00,312.38,314.74,306.8,309.39
2010-10-22 00:00:00+00:00,309.11,310.04,306.3,307.88
2010-10-25 00:00:00+00:00,309.11,311.6,308.44,308.83
2010-10-26 00:00:00+00:00,306.99,309.74,305.65,308.06
2010-10-27 00:00:00+00:00,307.58,309.9,305.6,307.71
2010-10-28 00:00:00+00:00,308.01,308.01,300.9,305.23
2010-10-29 00:00:00+00:00,304.23,305.88,300.88,300.88
2010-11-01 00:00:00+00:00,302.47,305.6,302.2,304.18
2010-11-02 00:00:00+00:00,307.28,310.19,307.0,309.7
2010-11-03 00:00:00+00:00,311.37,312.88,308.53,312.75
2010-11-04 00:00:00+00:00,315.45,320.18,315.03,318.25
2010-11-05 00:00:00+00:00,317.89,319.57,316.75,317.13
2010-11-08 00:00:00+00:00,317.47,319.77,316.76,318.8
2010-11-09 00:00:00+00:00,321.04,321.3,314.5,316.08
2010-11-10 00:00:00+00:00,316.68,318.77,313.55,318.09
2010-11-11 00:00:00+00:00,315.06,318.4,314.25,316.54
2010-11-12 00:00:00+00:00,316.07,316.5,212.52,308.11
2010-11-15 00:00:00+00:00,308.51,310.54,306.27,307.41
2010-11-16 00:00:00+00:00,305.96,307.6,299.32,301.29
2010-11-17 00:00:00+00:00,301.14,303.99,297.76,300.35
2010-11-18 00:00:00+00:00,304.98,309.67,304.69,308.57
2010-11-19 00:00:00+00:00,307.97,308.4,305.24,306.9
2010-11-22 00:00:00+00:00,306.47,313.36,305.87,313.36
2010-11-23 00:00:00+00:00,310.5,311.75,306.56,308.72
2010-11-24 00:00:00+00:00,312.3,315.4,311.75,314.78
2010-11-26 00:00:00+00:00,313.83,317.7,312.94,314.67
2010-11-29 00:00:00+00:00,315.61,317.48,311.38,316.83
2010-11-30 00:00:00+00:00,313.75,314.36,310.87,311.2
2010-12-01 00:00:00+00:00,315.34,317.75,315.05,316.72
2010-12-02 00:00:00+00:00,317.62,319.0,314.89,318.13
2010-12-03 00:00:00+00:00,316.99,318.65,316.34,317.5
2010-12-06 00:00:00+00:00,318.6,322.33,318.42,320.17
2010-12-07 00:00:00+00:00,323.78,323.99,318.12,318.2
2010-12-08 00:00:00+00:00,319.73,321.01,317.11,321.01
2010-12-09 00:00:00+00:00,322.17,322.5,319.02,319.89
2010-12-10 00:00:00+00:00,319.6,321.05,318.6,320.6
2010-12-13 00:00:00+00:00,324.65,325.06,321.0,321.6
2010-12-14 00:00:00+00:00,321.5,322.54,319.0,320.26
2010-12-15 00:00:00+00:00,319.92,323.0,319.19,320.25
2010-12-16 00:00:00+00:00,321.05,322.61,320.11,321.0
2010-12-17 00:00:00+00:00,321.3,590.5,320.23,320.66
2010-12-20 00:00:00+00:00,321.6,323.25,318.23,322.2
2010-12-21 00:00:00+00:00,323.01,324.39,322.05,324.21
2010-12-22 00:00:00+00:00,324.37,325.72,323.55,325.25
2010-12-23 00:00:00+00:00,325.0,325.15,323.17,323.6
2010-12-27 00:00:00+00:00,323.17,325.44,321.52,324.7
2010-12-28 00:00:00+00:00,325.91,326.66,325.06,325.47
2010-12-29 00:00:00+00:00,326.07,326.45,325.1,325.3
2010-12-30 00:00:00+00:00,325.38,325.51,323.05,323.66
2010-12-31 00:00:00+00:00,322.95,323.48,321.31,322.44
2011-01-03 00:00:00+00:00,325.64,330.26,32.65,329.72
2011-01-04 00:00:00+00:00,332.46,332.53,328.15,331.3
2011-01-05 00:00:00+00:00,329.45,334.34,329.45,334.0
2011-01-06 00:00:00+00:00,334.97,335.25,332.9,333.65
2011-01-07 00:00:00+00:00,334.09,336.35,331.9,336.13
2011-01-10 00:00:00+00:00,338.71,343.23,337.17,342.3
2011-01-11 00:00:00+00:00,344.72,344.96,339.47,341.6
2011-01-12 00:00:00+00:00,343.46,344.43,342.0,344.42
2011-01-13 00:00:00+00:00,345.11,346.64,34.44,345.66
2011-01-14 00:00:00+00:00,345.89,348.48,344.44,348.46
2011-01-18 00:00:00+00:00,329.45,344.76,324.6,341.0
2011-01-19 00:00:00+00:00,348.39,348.6,336.88,338.84
2011-01-20 00:00:00+00:00,336.43,338.3,330.12,332.82
2011-01-21 00:00:00+00:00,333.62,334.88,326.63,326.72
2011-01-24 00:00:00+00:00,326.78,337.42,326.72,337.38
2011-01-25 00:00:00+00:00,336.36,341.44,334.57,341.4
2011-01-26 00:00:00+00:00,342.92,345.6,341.5,343.85
2011-01-27 00:00:00+00:00,343.78,344.69,342.83,343.25
2011-01-28 00:00:00+00:00,344.18,344.4,333.53,336.05
2011-01-31 00:00:00+00:00,335.81,340.04,334.3,339.3
2011-02-01 00:00:00+00:00,341.3,345.65,340.98,345.11
2011-02-02 00:00:00+00:00,344.44,345.25,343.55,344.32
2011-02-03 00:00:00+00:00,343.75,344.24,338.55,343.41
2011-02-04 00:00:00+00:00,343.65,346.7,343.51,346.5
2011-02-07 00:00:00+00:00,347.82,353.25,347.63,351.87
2011-02-08 00:00:00+00:00,353.5,355.52,352.15,355.32
2011-02-09 00:00:00+00:00,355.16,359.0,354.87,358.12
2011-02-10 00:00:00+00:00,357.4,360.0,348.0,354.54
2011-02-11 00:00:00+00:00,354.81,357.8,353.54,356.86
2011-02-14 00:00:00+00:00,356.82,359.48,356.71,359.18
2011-02-15 00:00:00+00:00,359.2,359.97,357.55,359.95
2011-02-16 00:00:00+00:00,360.8,364.9,360.5,363.06
2011-02-17 00:00:00+00:00,357.25,360.27,356.52,358.29
2011-02-18 00:00:00+00:00,358.41,359.5,35.1,350.56
2011-02-22 00:00:00+00:00,342.47,345.4,337.72,338.68
2011-02-23 00:00:00+00:00,338.77,344.64,338.61,342.62
2011-02-24 00:00:00+00:00,344.04,345.15,338.37,342.57
2011-02-25 00:00:00+00:00,345.24,348.43,344.8,348.29
2011-02-28 00:00:00+00:00,351.23,355.05,351.12,353.49
2011-03-01 00:00:00+00:00,355.5,355.72,347.68,349.5
2011-03-02 00:00:00+00:00,350.13,354.35,348.4,352.12
2011-03-03 00:00:00+00:00,356.83,359.79,355.92,359.55
2011-03-04 00:00:00+00:00,360.07,360.29,357.75,360.0
2011-03-07 00:00:00+00:00,361.38,361.67,351.31,355.4
2011-03-08 00:00:00+00:00,354.95,357.4,352.25,355.67
2011-03-09 00:00:00+00:00,354.7,354.76,350.6,352.45
2011-03-10 00:00:00+00:00,349.45,349.88,344.9,346.71
2011-03-11 00:00:00+00:00,345.21,352.32,345.0,352.01
2011-03-14 00:00:00+00:00,353.04,356.48,351.31,353.56
2011-03-15 00:00:00+00:00,342.1,347.84,340.1,345.43
2011-03-16 00:00:00+00:00,341.68,343.0,326.26,330.03
2011-03-17 00:00:00+00:00,336.83,339.61,334.22,334.49
2011-03-18 00:00:00+00:00,337.31,338.2,330.0,330.66
2011-03-21 00:00:00+00:00,336.0,339.74,335.26,339.2
2011-03-22 00:00:00+00:00,342.61,342.62,339.14,341.13
2011-03-23 00:00:00+00:00,339.39,340.22,335.95,339.13
2011-03-24 00:00:00+00:00,341.88,346.0,338.86,345.03
2011-03-25 00:00:00+00:00,348.05,352.06,347.02,351.59
2011-03-28 00:00:00+00:00,353.16,354.32,350.44,350.45
2011-03-29 00:00:00+00:00,347.6,353.32,346.06,350.95
2011-03-30 00:00:00+00:00,350.71,350.88,347.44,348.77
2011-03-31 00:00:00+00:00,346.29,349.8,346.06,348.58
2011-04-01 00:00:00+00:00,351.11,351.59,343.3,344.55
2011-04-04 00:00:00+00:00,344.48,344.58,338.4,341.2
2011-04-05 00:00:00+00:00,336.99,342.25,336.0,338.69
2011-04-06 00:00:00+00:00,341.44,343.9,337.14,338.04
2011-04-07 00:00:00+00:00,338.08,340.43,336.03,338.08
2011-04-08 00:00:00+00:00,340.01,340.15,333.95,335.06
2011-04-11 00:00:00+00:00,333.99,335.67,330.02,330.99
2011-04-12 00:00:00+00:00,330.58,333.73,330.2,332.4
2011-04-13 00:00:00+00:00,335.06,336.14,332.52,336.09
2011-04-14 00:00:00+00:00,334.98,336.0,332.06,332.07
2011-04-15 00:00:00+00:00,333.45,333.64,326.8,327.48
2011-04-18 00:00:00+00:00,326.15,332.23,320.16,331.85
2011-04-19 00:00:00+00:00,333.19,337.98,331.71,337.88
2011-04-20 00:00:00+00:00,343.63,345.75,341.5,342.36
2011-04-21 00:00:00+00:00,355.03,355.13,348.52,350.71
2011-04-25 00:00:00+00:00,350.38,353.75,350.3,353.1
2011-04-26 00:00:00+00:00,353.62,354.99,349.35,350.46
2011-04-27 00:00:00+00:00,352.16,352.35,347.1,350.24
2011-04-28 00:00:00+00:00,346.14,349.75,345.52,347.11
2011-04-29 00:00:00+00:00,347.14,353.95,346.67,349.09
2011-05-02 00:00:00+00:00,349.73,350.47,345.5,346.23
2011-05-03 00:00:00+00:00,347.99,349.89,345.62,348.0
2011-05-04 00:00:00+00:00,348.26,351.83,321.87,349.92
2011-05-05 00:00:00+00:00,348.42,350.95,346.05,346.91
2011-05-06 00:00:00+00:00,349.69,350.0,346.21,346.55
2011-05-09 00:00:00+00:00,347.82,349.2,346.53,347.51
2011-05-10 00:00:00+00:00,348.87,349.69,346.66,349.45
2011-05-11 00:00:00+00:00,349.0,350.0,345.24,347.24
2011-05-12 00:00:00+00:00,346.12,347.12,342.27,346.59
2011-05-13 00:00:00+00:00,345.66,346.25,340.35,340.48
2011-05-16 00:00:00+00:00,339.2,341.22,332.6,333.32
2011-05-17 00:00:00+00:00,332.0,336.14,330.73,336.11
2011-05-18 00:00:00+00:00,336.47,341.05,336.0,339.78
2011-05-19 00:00:00+00:00,342.05,342.41,338.67,340.55
2011-05-20 00:00:00+00:00,339.56,340.95,335.02,335.15
2011-05-23 00:00:00+00:00,329.97,335.98,329.42,334.4
2011-05-24 00:00:00+00:00,335.51,335.9,331.34,332.35
2011-05-25 00:00:00+00:00,333.5,338.56,332.85,336.55
2011-05-26 00:00:00+00:00,335.8,336.89,334.44,334.99
2011-05-27 00:00:00+00:00,334.8,337.63,334.31,337.37
2011-05-31 00:00:00+00:00,341.1,347.74,341.0,347.68
2011-06-01 00:00:00+00:00,349.0,352.13,344.65,345.5
2011-06-02 00:00:00+00:00,346.58,347.98,344.3,345.94
2011-06-03 00:00:00+00:00,343.2,345.33,342.01,343.31
2011-06-06 00:00:00+00:00,345.7,347.05,337.81,338.06
2011-06-07 00:00:00+00:00,338.2,339.56,331.9,331.91
2011-06-08 00:00:00+00:00,331.85,334.8,330.65,332.31
2011-06-09 00:00:00+00:00,333.24,333.67,330.75,331.5
2011-06-10 00:00:00+00:00,330.55,331.66,325.51,325.57
2011-06-13 00:00:00+00:00,327.16,328.31,325.07,326.59
2011-06-14 00:00:00+00:00,330.02,333.25,329.31,332.33
2011-06-15 00:00:00+00:00,329.74,330.3,324.88,326.79
2011-06-16 00:00:00+00:00,326.99,328.68,318.33,325.16
2011-06-17 00:00:00+00:00,328.99,329.25,319.36,320.31
2011-06-20 00:00:00+00:00,317.31,317.7,310.5,315.32
2011-06-21 00:00:00+00:00,316.76,325.8,315.2,325.27
2011-06-22 00:00:00+00:00,325.14,328.9,322.38,322.6
2011-06-23 00:00:00+00:00,318.97,331.69,318.12,331.24
2011-06-24 00:00:00+00:00,331.4,333.15,325.09,326.35
2011-06-27 00:00:00+00:00,327.63,333.9,327.25,332.08
2011-06-28 00:00:00+00:00,333.7,336.7,333.44,335.26
2011-06-29 00:00:00+00:00,336.04,336.37,331.88,334.04
2011-06-30 00:00:00+00:00,334.7,336.11,332.84,335.6
2011-07-01 00:00:00+00:00,335.84,343.5,334.2,343.4
2011-07-05 00:00:00+00:00,342.9,349.83,342.5,349.31
2011-07-06 00:00:00+00:00,348.95,354.1,346.71,351.84
2011-07-07 00:00:00+00:00,354.75,358.0,354.0,357.21
2011-07-08 00:00:00+00:00,353.34,360.0,352.2,359.72
2011-07-11 00:00:00+00:00,356.34,359.77,352.82,354.1
2011-07-12 00:00:00+00:00,353.59,357.68,348.62,353.85
2011-07-13 00:00:00+00:00,358.33,360.0,356.38,358.14
2011-07-14 00:00:00+00:00,361.02,361.61,356.34,357.91
2011-07-15 00:00:00+00:00,361.17,365.0,359.17,364.96
2011-07-18 00:00:00+00:00,365.43,374.65,365.28,373.82
2011-07-19 00:00:00+00:00,377.99,378.65,373.32,376.85
2011-07-20 00:00:00+00:00,396.21,396.27,386.0,387.0
2011-07-21 00:00:00+00:00,387.0,390.06,383.9,387.28
2011-07-22 00:00:00+00:00,388.32,395.05,387.75,393.3
2011-07-25 00:00:00+00:00,390.18,400.0,389.62,398.41
2011-07-26 00:00:00+00:00,400.0,404.5,399.68,403.26
2011-07-27 00:00:00+00:00,400.55,402.64,392.15,392.58
2011-07-28 00:00:00+00:00,391.62,396.99,388.13,391.91
2011-07-29 00:00:00+00:00,387.64,395.15,384.0,390.47
2011-08-01 00:00:00+00:00,397.68,399.5,392.37,396.74
2011-08-02 00:00:00+00:00,397.63,397.9,388.35,388.92
2011-08-03 00:00:00+00:00,390.98,393.55,382.24,392.57
2011-08-04 00:00:00+00:00,389.58,391.32,377.35,377.35
2011-08-05 00:00:00+00:00,380.53,383.5,362.57,373.75
2011-08-08 00:00:00+00:00,361.7,367.77,353.02,353.35
2011-08-09 00:00:00+00:00,361.55,374.61,355.0,374.42
2011-08-10 00:00:00+00:00,371.19,374.65,362.5,363.0
2011-08-11 00:00:00+00:00,370.52,375.45,364.72,373.68
2011-08-12 00:00:00+00:00,378.0,379.64,374.23,376.86
2011-08-15 00:00:00+00:00,379.64,384.97,378.09,383.3
2011-08-16 00:00:00+00:00,381.52,383.37,376.06,380.4
2011-08-17 00:00:00+00:00,382.35,384.52,378.0,380.21
2011-08-18 00:00:00+00:00,370.72,372.65,361.37,365.85
2011-08-19 00:00:00+00:00,362.17,367.0,356.0,356.08
2011-08-22 00:00:00+00:00,364.64,364.88,355.09,356.41
2011-08-23 00:00:00+00:00,360.16,373.64,357.0,373.59
2011-08-24 00:00:00+00:00,373.33,378.96,370.6,376.15
2011-08-25 00:00:00+00:00,365.08,375.45,365.0,373.71
2011-08-26 00:00:00+00:00,371.17,383.8,370.8,383.72
2011-08-29 00:00:00+00:00,388.18,391.5,382.3,389.89
2011-08-30 00:00:00+00:00,388.25,391.84,386.21,389.96
2011-08-31 00:00:00+00:00,390.66,392.08,381.86,384.81
2011-09-01 00:00:00+00:00,385.99,387.34,380.72,381.15
2011-09-02 00:00:00+00:00,374.77,378.0,371.83,374.05
2011-09-06 00:00:00+00:00,367.08,380.33,366.48,379.5
2011-09-07 00:00:00+00:00,385.58,385.6,382.0,383.92
2011-09-08 00:00:00+00:00,382.33,388.61,382.31,384.19
2011-09-09 00:00:00+00:00,384.02,386.0,375.02,377.06
2011-09-12 00:00:00+00:00,373.07,380.88,371.9,379.95
2011-09-13 00:00:00+00:00,382.14,386.21,380.25,384.48
2011-09-14 00:00:00+00:00,387.02,392.21,385.76,389.28
2011-09-15 00:00:00+00:00,391.48,393.66,389.9,393.06
2011-09-16 00:00:00+00:00,395.71,400.36,395.03,400.24
2011-09-19 00:00:00+00:00,396.98,413.23,395.2,411.64
2011-09-20 00:00:00+00:00,415.37,422.86,411.19,413.46
2011-09-21 00:00:00+00:00,419.7,421.59,412.0,412.2
2011-09-22 00:00:00+00:00,401.19,409.82,396.7,401.82
2011-09-23 00:00:00+00:00,400.29,406.74,399.85,404.13
2011-09-26 00:00:00+00:00,400.0,403.98,391.3,403.2
2011-09-27 00:00:00+00:00,408.9,409.25,398.06,399.26
2011-09-28 00:00:00+00:00,400.18,403.74,396.51,396.92
2011-09-29 00:00:00+00:00,401.92,402.21,386.21,390.19
2011-09-30 00:00:00+00:00,387.18,388.89,381.19,381.2
2011-10-03 00:00:00+00:00,380.35,382.64,373.17,374.34
2011-10-04 00:00:00+00:00,374.89,381.8,354.24,372.58
2011-10-05 00:00:00+00:00,367.88,379.82,360.3,378.62
2011-10-06 00:00:00+00:00,373.39,384.78,371.8,377.31
2011-10-07 00:00:00+00:00,375.77,377.74,368.49,369.81
2011-10-10 00:00:00+00:00,379.09,388.81,378.21,388.81
2011-10-11 00:00:00+00:00,392.57,403.18,391.5,400.27
2011-10-12 00:00:00+00:00,407.35,409.25,400.14,402.11
2011-10-13 00:00:00+00:00,405.02,408.43,402.85,408.42
2011-10-14 00:00:00+00:00,416.83,422.0,415.27,421.94
2011-10-17 00:00:00+00:00,421.74,426.7,415.94,419.77
2011-10-18 00:00:00+00:00,421.76,424.81,415.99,421.88
2011-10-19 00:00:00+00:00,401.35,408.42,397.8,398.81
2011-10-20 00:00:00+00:00,400.0,400.35,394.21,395.45
2011-10-21 00:00:00+00:00,398.2,399.14,390.75,393.04
2011-10-24 00:00:00+00:00,396.08,406.5,395.4,405.7
2011-10-25 00:00:00+00:00,405.02,406.55,397.38,397.86
2011-10-26 00:00:00+00:00,401.96,402.55,393.15,400.32
2011-10-27 00:00:00+00:00,407.64,409.0,401.89,404.48
2011-10-28 00:00:00+00:00,402.98,406.35,402.51,405.04
2011-10-31 00:00:00+00:00,402.4,409.33,401.05,404.8
2011-11-01 00:00:00+00:00,397.36,399.5,393.22,396.64
2011-11-02 00:00:00+00:00,400.2,400.44,395.11,397.3
2011-11-03 00:00:00+00:00,399.07,403.4,395.36,403.05
2011-11-04 00:00:00+00:00,402.04,403.44,399.16,400.24
2011-11-07 00:00:00+00:00,399.93,400.0,396.13,399.77
2011-11-08 00:00:00+00:00,402.25,408.0,401.56,406.01
2011-11-09 00:00:00+00:00,396.89,400.89,394.23,395.31
2011-11-10 00:00:00+00:00,397.11,397.21,382.15,385.21
2011-11-11 00:00:00+00:00,386.67,388.7,380.26,384.67
2011-11-14 00:00:00+00:00,383.77,385.25,378.2,379.26
2011-11-15 00:00:00+00:00,380.85,389.5,379.45,388.82
2011-11-16 00:00:00+00:00,389.32,391.14,384.32,384.89
2011-11-17 00:00:00+00:00,383.98,384.58,375.5,377.41
2011-11-18 00:00:00+00:00,378.91,379.99,374.88,374.95
2011-11-21 00:00:00+00:00,370.4,371.68,365.91,369.01
2011-11-22 00:00:00+00:00,371.05,377.93,370.94,376.52
2011-11-23 00:00:00+00:00,374.7,375.84,366.88,367.0
2011-11-25 00:00:00+00:00,368.28,371.15,363.32,364.9
2011-11-28 00:00:00+00:00,372.35,376.7,370.33,376.02
2011-11-29 00:00:00+00:00,375.71,378.83,370.2,373.2
2011-11-30 00:00:00+00:00,381.28,382.0,378.3,381.96
2011-12-01 00:00:00+00:00,382.42,389.0,380.75,387.95
2011-12-02 00:00:00+00:00,390.0,393.6,388.58,389.7
2011-12-05 00:00:00+00:00,393.49,396.41,390.39,393.01
2011-12-06 00:00:00+00:00,392.55,394.63,389.38,391.0
2011-12-07 00:00:00+00:00,389.91,394.2,386.76,389.14
2011-12-08 00:00:00+00:00,391.47,395.5,390.23,390.73
2011-12-09 00:00:00+00:00,392.76,394.04,391.03,393.65
2011-12-12 00:00:00+00:00,391.73,393.9,389.45,391.86
2011-12-13 00:00:00+00:00,393.0,395.4,387.1,388.79
2011-12-14 00:00:00+00:00,386.9,387.38,377.68,380.03
2011-12-15 00:00:00+00:00,383.38,383.74,378.31,378.88
2011-12-16 00:00:00+00:00,380.52,384.15,379.57,380.69
2011-12-19 00:00:00+00:00,382.46,384.85,380.48,381.87
2011-12-20 00:00:00+00:00,387.76,396.1,387.26,396.1
2011-12-21 00:00:00+00:00,396.57,397.3,392.01,396.44
2011-12-22 00:00:00+00:00,397.01,399.13,396.1,398.47
2011-12-23 00:00:00+00:00,399.69,403.59,399.5,403.38
2011-12-27 00:00:00+00:00,403.1,409.09,403.02,406.57
2011-12-28 00:00:00+00:00,406.95,408.25,401.34,402.77
2011-12-29 00:00:00+00:00,403.4,405.65,400.51,405.1
2011-12-30 00:00:00+00:00,403.73,406.28,403.49,404.99
2012-01-03 00:00:00+00:00,409.3,412.5,409.0,411.1
2012-01-04 00:00:00+00:00,410.0,414.68,409.28,413.44
2012-01-05 00:00:00+00:00,414.94,418.55,412.67,417.96
2012-01-06 00:00:00+00:00,419.77,422.75,419.22,422.45
2012-01-09 00:00:00+00:00,425.65,427.75,421.35,421.62
2012-01-10 00:00:00+00:00,425.92,426.0,421.5,423.23
2012-01-11 00:00:00+00:00,422.68,422.85,419.31,422.55
2012-01-12 00:00:00+00:00,422.49,422.9,418.75,421.31
2012-01-13 00:00:00+00:00,419.7,420.45,418.66,419.96
2012-01-17 00:00:00+00:00,424.2,425.99,422.96,424.7
2012-01-18 00:00:00+00:00,426.91,429.47,426.3,429.09
2012-01-19 00:00:00+00:00,430.15,431.37,426.51,427.63
2012-01-20 00:00:00+00:00,427.2,427.5,419.75,420.26
2012-01-23 00:00:00+00:00,422.7,428.45,422.3,427.36
2012-01-24 00:00:00+00:00,425.11,425.11,419.55,420.5
2012-01-25 00:00:00+00:00,454.26,454.45,443.73,446.58
2012-01-26 00:00:00+00:00,448.36,448.79,443.14,444.56
2012-01-27 00:00:00+00:00,444.34,448.48,443.77,447.47
2012-01-30 00:00:00+00:00,445.7,453.9,445.39,453.01
2012-01-31 00:00:00+00:00,455.67,458.24,453.07,456.48
2012-02-01 00:00:00+00:00,458.5,458.99,455.55,456.19
2012-02-02 00:00:00+00:00,455.9,457.17,453.98,455.05
2012-02-03 00:00:00+00:00,457.21,460.0,455.56,459.56
2012-02-06 00:00:00+00:00,458.22,464.98,458.2,463.86
2012-02-07 00:00:00+00:00,465.47,469.75,464.58,468.81
2012-02-08 00:00:00+00:00,470.5,476.79,469.7,476.67
2012-02-09 00:00:00+00:00,480.85,496.75,480.55,493.16
2012-02-10 00:00:00+00:00,491.18,497.62,488.55,493.69
2012-02-13 00:00:00+00:00,499.72,503.83,497.09,502.58
2012-02-14 00:00:00+00:00,504.54,509.56,502.0,509.42
2012-02-15 00:00:00+00:00,514.429,526.29,496.89,497.57
2012-02-16 00:00:00+00:00,491.51,509.9,486.63,502.5
2012-02-17 00:00:00+00:00,503.12,507.77,500.3,502.1
2012-02-21 00:00:00+00:00,506.88,514.85,504.12,514.559
2012-02-22 00:00:00+00:00,513.08,515.49,509.07,513.039
2012-02-23 00:00:00+00:00,515.15,517.83,509.5,516.309
2012-02-24 00:00:00+00:00,519.78,522.9,518.64,522.36
2012-02-27 00:00:00+00:00,521.309,528.5,516.28,525.8
2012-02-28 00:00:00+00:00,527.96,535.38,525.85,535.31
2012-02-29 00:00:00+00:00,541.56,547.61,535.7,542.38
2012-03-01 00:00:00+00:00,548.2,548.21,538.77,544.27
2012-03-02 00:00:00+00:00,544.24,546.8,542.52,545.05
2012-03-05 00:00:00+00:00,545.51,547.48,526.0,533.36
2012-03-06 00:00:00+00:00,523.96,533.69,516.22,530.25
2012-03-07 00:00:00+00:00,536.79,537.78,523.299,530.63
2012-03-08 00:00:00+00:00,534.69,542.99,532.12,541.75
2012-03-09 00:00:00+00:00,544.21,547.74,543.11,545.02
2012-03-12 00:00:00+00:00,548.99,552.0,547.0,552.0
2012-03-13 00:00:00+00:00,557.74,568.18,555.75,568.08
2012-03-14 00:00:00+00:00,578.11,594.72,575.4,589.58
2012-03-15 00:00:00+00:00,599.49,600.01,578.55,585.4
2012-03-16 00:00:00+00:00,584.72,589.2,578.0,585.57
2012-03-19 00:00:00+00:00,598.38,601.77,589.05,601.22
2012-03-20 00:00:00+00:00,599.5,606.9,570.0,605.96
2012-03-21 00:00:00+00:00,603.0,609.65,601.41,602.5
2012-03-22 00:00:00+00:00,597.99,604.5,595.53,599.4
2012-03-23 00:00:00+00:00,600.48,601.8,542.8,596.2
2012-03-26 00:00:00+00:00,599.79,607.15,595.26,606.88
2012-03-27 00:00:00+00:00,606.18,616.28,606.06,614.57
2012-03-28 00:00:00+00:00,618.38,621.45,610.31,617.61
2012-03-29 00:00:00+00:00,612.9,616.56,607.23,609.86
2012-03-30 00:00:00+00:00,608.77,610.56,597.94,599.54
2012-04-02 00:00:00+00:00,601.83,618.77,600.38,618.68
2012-04-03 00:00:00+00:00,627.33,632.21,622.51,629.31
2012-04-04 00:00:00+00:00,624.47,625.86,617.0,624.09
2012-04-05 00:00:00+00:00,627.05,634.66,623.4,633.67
2012-04-09 00:00:00+00:00,626.13,639.84,625.3,636.24
2012-04-10 00:00:00+00:00,639.96,644.0,626.0,628.75
2012-04-11 00:00:00+00:00,636.2,636.87,623.34,626.11
2012-04-12 00:00:00+00:00,625.0,631.33,620.5,622.55
2012-04-13 00:00:00+00:00,624.23,624.7,603.51,605.19
2012-04-16 00:00:00+00:00,610.06,610.28,578.25,580.65
2012-04-17 00:00:00+00:00,578.94,610.0,571.91,609.3
2012-04-18 00:00:00+00:00,613.7,620.25,602.71,608.24
2012-04-19 00:00:00+00:00,600.01,604.73,584.52,587.95
2012-04-20 00:00:00+00:00,591.7,594.62,570.42,572.41
2012-04-23 00:00:00+00:00,570.61,576.67,556.62,572.0
2012-04-24 00:00:00+00:00,562.75,571.85,555.0,560.39
2012-04-25 00:00:00+00:00,615.64,618.0,606.0,609.84
2012-04-26 00:00:00+00:00,614.27,614.69,602.13,607.72
2012-04-27 00:00:00+00:00,605.07,606.18,600.5,603.0
2012-04-30 00:00:00+00:00,597.8,598.4,583.0,584.05
2012-05-01 00:00:00+00:00,584.75,596.76,581.23,582.16
2012-05-02 00:00:00+00:00,580.24,587.4,578.86,586.0
2012-05-03 00:00:00+00:00,590.5,591.4,580.3,581.74
2012-05-04 00:00:00+00:00,577.08,578.36,565.17,565.28
2012-05-07 00:00:00+00:00,561.8,572.77,561.23,569.64
2012-05-08 00:00:00+00:00,569.95,571.5,558.73,568.07
2012-05-09 00:00:00+00:00,563.73,573.98,560.85,569.25
2012-05-10 00:00:00+00:00,574.99,575.88,568.44,570.48
2012-05-11 00:00:00+00:00,565.11,574.47,564.35,566.71
2012-05-14 00:00:00+00:00,562.56,567.51,557.6,558.09
2012-05-15 00:00:00+00:00,561.45,563.22,551.75,553.09
2012-05-16 00:00:00+00:00,554.05,556.89,541.04,546.07
2012-05-17 00:00:00+00:00,545.31,547.5,530.12,530.12
2012-05-18 00:00:00+00:00,533.95,543.41,522.179,530.25
2012-05-21 00:00:00+00:00,534.6,561.54,534.05,561.3
2012-05-22 00:00:00+00:00,569.87,573.88,552.58,556.91
2012-05-23 00:00:00+00:00,557.45,572.8,553.23,570.31
2012-05-24 00:00:00+00:00,575.87,576.5,561.23,565.25
2012-05-25 00:00:00+00:00,564.6,565.85,558.47,562.29
2012-05-29 00:00:00+00:00,570.83,574.0,565.31,572.26
2012-05-30 00:00:00+00:00,569.2,579.99,566.56,579.01
2012-05-31 00:00:00+00:00,580.72,581.5,571.46,577.55
2012-06-01 00:00:00+00:00,569.0,572.65,560.52,561.06
2012-06-04 00:00:00+00:00,561.5,567.5,548.5,564.29
2012-06-05 00:00:00+00:00,561.27,566.47,558.33,562.68
2012-06-06 00:00:00+00:00,567.9,573.85,565.5,571.73
2012-06-07 00:00:00+00:00,577.29,577.32,570.5,571.74
2012-06-08 00:00:00+00:00,571.6,580.58,569.0,580.27
2012-06-11 00:00:00+00:00,587.56,588.5,570.63,571.5
2012-06-12 00:00:00+00:00,574.5,576.62,566.7,576.15
2012-06-13 00:00:00+00:00,574.76,578.48,570.38,572.15
2012-06-14 00:00:00+00:00,571.25,573.5,567.26,571.51
2012-06-15 00:00:00+00:00,570.82,574.62,569.55,574.13
2012-06-18 00:00:00+00:00,570.96,587.89,570.37,585.81
2012-06-19 00:00:00+00:00,583.4,590.0,583.1,587.34
2012-06-20 00:00:00+00:00,588.21,589.25,580.8,585.66
2012-06-21 00:00:00+00:00,585.44,588.22,577.44,577.6
2012-06-22 00:00:00+00:00,578.92,582.19,575.42,582.0
2012-06-25 00:00:00+00:00,577.35,579.8,570.37,570.75
2012-06-26 00:00:00+00:00,571.51,574.49,567.33,572.06
2012-06-27 00:00:00+00:00,575.0,576.74,571.92,574.45
2012-06-28 00:00:00+00:00,571.67,574.0,565.61,568.76
2012-06-29 00:00:00+00:00,578.0,584.0,574.25,584.0
2012-07-02 00:00:00+00:00,584.65,593.47,583.6,592.71
2012-07-03 00:00:00+00:00,594.88,600.0,594.0,599.45
2012-07-05 00:00:00+00:00,600.56,614.34,599.65,609.94
2012-07-06 00:00:00+00:00,607.09,608.44,601.58,606.22
2012-07-09 00:00:00+00:00,605.31,613.9,604.11,613.89
2012-07-10 00:00:00+00:00,617.93,619.87,605.31,608.15
2012-07-11 00:00:00+00:00,606.12,607.66,597.22,604.43
2012-07-12 00:00:00+00:00,600.24,603.47,592.68,598.85
2012-07-13 00:00:00+00:00,602.95,607.19,600.0,604.8
2012-07-16 00:00:00+00:00,605.22,611.62,605.02,606.95
2012-07-17 00:00:00+00:00,610.79,611.5,603.15,606.91
2012-07-18 00:00:00+00:00,606.76,608.34,603.56,606.16
2012-07-19 00:00:00+00:00,611.32,615.35,606.0,614.42
2012-07-20 00:00:00+00:00,613.15,614.44,603.8,603.8
2012-07-23 00:00:00+00:00,594.4,605.9,587.71,603.84
2012-07-24 00:00:00+00:00,607.33,609.68,598.51,601.28
2012-07-25 00:00:00+00:00,574.82,580.8,570.0,574.97
2012-07-26 00:00:00+00:00,579.75,580.4,570.36,574.66
2012-07-27 00:00:00+00:00,575.01,585.83,571.59,585.28
2012-07-30 00:00:00+00:00,590.88,599.44,587.82,594.96
2012-07-31 00:00:00+00:00,603.03,611.7,602.72,610.76
2012-08-01 00:00:00+00:00,615.91,616.4,603.0,606.84
2012-08-02 00:00:00+00:00,602.84,610.69,600.25,607.75
2012-08-03 00:00:00+00:00,613.63,617.98,607.8,615.65
2012-08-06 00:00:00+00:00,617.15,624.87,615.26,622.48
2012-08-07 00:00:00+00:00,622.43,625.0,618.04,620.97
2012-08-08 00:00:00+00:00,619.0,623.88,617.1,619.85
2012-08-09 00:00:00+00:00,617.85,621.73,617.8,620.73
2012-08-10 00:00:00+00:00,618.96,621.76,618.7,621.64
2012-08-13 00:00:00+00:00,623.34,630.0,623.25,630.0
2012-08-14 00:00:00+00:00,631.87,638.61,630.21,631.63
2012-08-15 00:00:00+00:00,631.31,634.0,627.75,630.63
2012-08-16 00:00:00+00:00,631.15,636.76,630.5,636.3
2012-08-17 00:00:00+00:00,638.81,648.19,638.78,648.16
2012-08-20 00:00:00+00:00,650.1,665.15,649.9,664.99
2012-08-21 00:00:00+00:00,670.82,674.88,650.33,656.2
2012-08-22 00:00:00+00:00,654.5,669.0,648.11,668.88
2012-08-23 00:00:00+00:00,666.11,669.9,661.15,662.36
2012-08-24 00:00:00+00:00,659.72,669.48,655.55,663.18
2012-08-27 00:00:00+00:00,679.83,680.87,673.54,675.47
2012-08-28 00:00:00+00:00,674.97,676.1,670.67,674.75
2012-08-29 00:00:00+00:00,675.25,677.67,672.6,673.46
2012-08-30 00:00:00+00:00,670.5,671.55,662.85,663.91
2012-08-31 00:00:00+00:00,667.04,668.6,657.25,665.22
2012-09-04 00:00:00+00:00,665.76,675.14,664.5,674.64
2012-09-05 00:00:00+00:00,675.68,676.35,669.6,670.15
2012-09-06 00:00:00+00:00,673.27,678.29,670.8,676.34
2012-09-07 00:00:00+00:00,678.0,682.48,675.77,680.39
2012-09-10 00:00:00+00:00,680.26,683.29,662.1,662.52
2012-09-11 00:00:00+00:00,665.24,670.1,656.5,660.6
2012-09-12 00:00:00+00:00,666.85,669.9,656.0,669.86
2012-09-13 00:00:00+00:00,677.3,685.5,660.95,682.97
2012-09-14 00:00:00+00:00,689.86,696.98,687.89,691.24
2012-09-17 00:00:00+00:00,699.35,699.8,694.61,699.8
2012-09-18 00:00:00+00:00,699.89,702.33,696.42,701.95
2012-09-19 00:00:00+00:00,700.46,703.99,699.57,702.17
2012-09-20 00:00:00+00:00,699.16,700.06,693.62,698.73
2012-09-21 00:00:00+00:00,702.15,705.07,699.36,700.7
2012-09-24 00:00:00+00:00,686.86,695.12,683.0,689.84
2012-09-25 00:00:00+00:00,688.26,692.78,673.0,673.7
2012-09-26 00:00:00+00:00,668.73,672.69,661.2,665.0
2012-09-27 00:00:00+00:00,664.17,682.17,653.49,681.42
2012-09-28 00:00:00+00:00,678.74,681.11,666.75,667.08
2012-10-01 00:00:00+00:00,671.2,676.75,656.5,659.74
2012-10-02 00:00:00+00:00,661.81,666.35,650.65,661.27
2012-10-03 00:00:00+00:00,664.99,671.86,662.63,671.8
2012-10-04 00:00:00+00:00,671.25,674.25,665.55,666.89
2012-10-05 00:00:00+00:00,665.17,666.0,652.77,653.36
2012-10-08 00:00:00+00:00,646.66,647.56,636.11,638.17
2012-10-09 00:00:00+00:00,638.65,640.49,623.55,636.17
2012-10-10 00:00:00+00:00,639.75,644.98,637.0,640.88
2012-10-11 00:00:00+00:00,646.66,647.2,628.1,628.1
2012-10-12 00:00:00+00:00,629.56,635.38,625.3,629.56
2012-10-15 00:00:00+00:00,632.3,635.13,623.85,634.75
2012-10-16 00:00:00+00:00,635.54,650.3,631.0,649.62
2012-10-17 00:00:00+00:00,648.87,652.79,644.0,644.53
2012-10-18 00:00:00+00:00,639.59,642.06,630.0,632.6
2012-10-19 00:00:00+00:00,631.05,631.77,609.62,609.78
2012-10-22 00:00:00+00:00,612.44,635.38,610.8,634.16
2012-10-23 00:00:00+00:00,630.96,633.9,611.7,613.42
2012-10-24 00:00:00+00:00,621.5,626.55,610.64,616.49
2012-10-25 00:00:00+00:00,620.0,622.0,605.55,609.65
2012-10-26 00:00:00+00:00,609.45,614.0,591.0,603.97
2012-10-31 00:00:00+00:00,594.19,604.5,587.7,595.24
2012-11-01 00:00:00+00:00,598.13,603.0,594.17,596.52
2012-11-02 00:00:00+00:00,596.26,596.95,574.75,576.94
2012-11-05 00:00:00+00:00,583.73,587.77,577.6,584.62
2012-11-06 00:00:00+00:00,590.25,590.74,580.09,582.85
2012-11-07 00:00:00+00:00,573.94,585.97,555.75,558.07
2012-11-08 00:00:00+00:00,560.63,562.23,535.29,537.83
2012-11-09 00:00:00+00:00,540.42,554.88,533.72,547.02
2012-11-12 00:00:00+00:00,554.25,554.5,538.65,543.0
2012-11-13 00:00:00+00:00,539.03,550.48,536.36,542.62
2012-11-14 00:00:00+00:00,545.43,547.45,536.18,537.14
2012-11-15 00:00:00+00:00,537.54,539.5,522.62,525.85
2012-11-16 00:00:00+00:00,525.16,530.0,505.75,527.67
2012-11-19 00:00:00+00:00,540.7,567.5,539.88,565.93
2012-11-20 00:00:00+00:00,571.9,606.5,554.58,561.14
2012-11-21 00:00:00+00:00,564.25,567.37,556.6,561.71
2012-11-23 00:00:00+00:00,567.17,572.0,562.6,571.95
2012-11-26 00:00:00+00:00,575.9,590.0,573.71,589.27
2012-11-27 00:00:00+00:00,589.35,590.42,580.1,584.71
2012-11-28 00:00:00+00:00,577.35,585.8,572.26,582.8
2012-11-29 00:00:00+00:00,590.1,594.25,585.25,589.35
2012-11-30 00:00:00+00:00,586.62,588.4,582.68,585.1
2012-12-03 00:00:00+00:00,593.65,594.59,585.5,586.22
2012-12-04 00:00:00+00:00,581.51,581.84,572.13,575.78
2012-12-05 00:00:00+00:00,568.91,569.26,538.77,538.8
2012-12-06 00:00:00+00:00,528.8,553.31,518.63,547.24
2012-12-07 00:00:00+00:00,553.43,555.2,530.0,533.02
2012-12-10 00:00:00+00:00,524.83,538.51,521.58,529.75
2012-12-11 00:00:00+00:00,539.77,549.56,537.37,541.01
2012-12-12 00:00:00+00:00,547.7,548.0,536.27,538.92
2012-12-13 00:00:00+00:00,531.11,537.64,525.8,529.6
2012-12-14 00:00:00+00:00,514.75,518.13,505.58,509.0
2012-12-17 00:00:00+00:00,508.93,520.0,501.23,519.159
2012-12-18 00:00:00+00:00,524.85,534.9,520.25,533.85
2012-12-19 00:00:00+00:00,531.47,533.7,525.5,526.11
2012-12-20 00:00:00+00:00,530.11,530.2,518.88,521.909
2012-12-21 00:00:00+00:00,512.57,519.669,510.24,519.33
2012-12-24 00:00:00+00:00,520.35,524.25,518.71,519.76
2012-12-26 00:00:00+00:00,518.98,519.46,511.12,512.9
2012-12-27 00:00:00+00:00,513.539,516.25,504.66,514.95
2012-12-28 00:00:00+00:00,510.5,514.48,508.12,509.43
2012-12-31 00:00:00+00:00,510.53,535.4,509.0,533.53
2013-01-02 00:00:00+00:00,553.82,555.0,541.63,548.71
2013-01-03 00:00:00+00:00,547.83,549.67,541.0,542.38
2013-01-04 00:00:00+00:00,536.83,538.63,525.83,527.01
2013-01-07 00:00:00+00:00,522.02,529.3,515.2,523.97
2013-01-08 00:00:00+00:00,529.2,531.89,521.25,525.19
2013-01-09 00:00:00+00:00,522.46,525.01,515.99,517.1
2013-01-10 00:00:00+00:00,528.5,528.72,515.52,523.48
2013-01-11 00:00:00+00:00,521.0,525.32,519.02,520.12
2013-01-14 00:00:00+00:00,502.68,507.5,498.51,501.9
2013-01-15 00:00:00+00:00,498.3,498.99,483.38,485.81
2013-01-16 00:00:00+00:00,494.56,509.44,492.5,506.08
2013-01-17 00:00:00+00:00,510.31,510.75,502.03,502.57
2013-01-18 00:00:00+00:00,498.19,502.22,496.4,499.97
2013-01-22 00:00:00+00:00,504.56,507.88,496.63,504.71
2013-01-23 00:00:00+00:00,508.74,514.99,504.77,514.0
2013-01-24 00:00:00+00:00,459.98,465.73,450.25,450.47
2013-01-25 00:00:00+00:00,451.66,456.23,435.0,439.91
2013-01-28 00:00:00+00:00,437.88,453.21,435.88,449.73
2013-01-29 00:00:00+00:00,458.5,460.2,452.12,458.43
2013-01-30 00:00:00+00:00,457.07,462.6,454.5,456.84
2013-01-31 00:00:00+00:00,456.98,459.28,454.98,455.41
2013-02-01 00:00:00+00:00,459.41,459.48,448.35,453.76
2013-02-04 00:00:00+00:00,453.94,455.94,442.0,442.2
2013-02-05 00:00:00+00:00,444.15,459.74,442.22,457.82
2013-02-06 00:00:00+00:00,456.91,466.5,452.58,457.29
2013-02-07 00:00:00+00:00,463.32,470.0,454.12,468.25
2013-02-08 00:00:00+00:00,474.09,478.81,470.25,474.97
2013-02-11 00:00:00+00:00,476.5,484.94,473.25,479.95
2013-02-12 00:00:00+00:00,479.51,482.38,467.74,467.84
2013-02-13 00:00:00+00:00,467.21,473.64,463.22,467.0
2013-02-14 00:00:00+00:00,464.43,471.64,446.2,466.6
2013-02-15 00:00:00+00:00,469.17,470.16,459.92,460.25
2013-02-19 00:00:00+00:00,461.1,462.73,453.85,459.96
2013-02-20 00:00:00+00:00,457.69,457.69,448.8,448.93
2013-02-21 00:00:00+00:00,445.74,449.17,442.82,445.84
2013-02-22 00:00:00+00:00,449.17,451.6,446.6,450.63
2013-02-25 00:00:00+00:00,453.88,455.12,442.57,442.93
2013-02-26 00:00:00+00:00,443.56,451.54,437.66,448.94
2013-02-27 00:00:00+00:00,448.62,452.44,440.65,444.52
2013-02-28 00:00:00+00:00,444.05,447.87,441.49,441.65
2013-03-01 00:00:00+00:00,438.01,438.18,429.98,430.41
2013-03-04 00:00:00+00:00,427.8,428.2,419.0,420.01
2013-03-05 00:00:00+00:00,421.47,435.19,420.75,431.22
2013-03-06 00:00:00+00:00,434.56,435.25,424.43,425.65
2013-03-07 00:00:00+00:00,424.48,432.01,421.06,430.41
2013-03-08 00:00:00+00:00,429.81,435.43,421.37,431.55
2013-03-11 00:00:00+00:00,429.56,439.01,425.14,437.76
2013-03-12 00:00:00+00:00,435.6,438.88,427.57,428.5
2013-03-13 00:00:00+00:00,428.45,434.5,425.36,428.3
2013-03-14 00:00:00+00:00,432.83,434.64,430.45,432.38
2013-03-15 00:00:00+00:00,437.93,444.23,437.25,443.85
2013-03-18 00:00:00+00:00,441.48,457.46,439.0,455.78
2013-03-19 00:00:00+00:00,459.5,460.97,448.5,454.49
2013-03-20 00:00:00+00:00,457.5,457.63,449.59,452.0
2013-03-21 00:00:00+00:00,450.22,457.98,450.1,452.78
2013-03-22 00:00:00+00:00,454.39,462.1,453.11,461.95
2013-03-25 00:00:00+00:00,464.57,469.95,461.78,463.53
2013-03-26 00:00:00+00:00,465.02,465.84,460.53,461.13
2013-03-27 00:00:00+00:00,456.46,456.8,450.73,452.06
2013-03-28 00:00:00+00:00,449.99,451.82,441.62,442.54
2013-04-01 00:00:00+00:00,442.0,443.7,427.74,428.91
2013-04-02 00:00:00+00:00,427.64,438.14,426.4,429.79
2013-04-03 00:00:00+00:00,431.6,437.28,430.31,431.87
2013-04-04 00:00:00+00:00,433.72,435.0,425.25,427.65
2013-04-05 00:00:00+00:00,424.33,424.95,419.68,423.2
2013-04-08 00:00:00+00:00,424.8,427.5,422.49,426.21
2013-04-09 00:00:00+00:00,426.32,428.5,422.75,426.98
2013-04-10 00:00:00+00:00,428.1,437.06,426.01,435.66
2013-04-11 00:00:00+00:00,433.59,437.99,431.2,434.37
2013-04-12 00:00:00+00:00,433.89,434.15,429.09,429.77
2013-04-15 00:00:00+00:00,426.79,427.89,419.55,419.7
2013-04-16 00:00:00+00:00,421.56,426.61,420.57,426.09
2013-04-17 00:00:00+00:00,420.39,420.6,398.11,402.7
2013-04-18 00:00:00+00:00,405.0,405.78,389.74,391.9
2013-04-19 00:00:00+00:00,388.15,399.6,385.1,390.5
2013-04-22 00:00:00+00:00,392.64,402.2,391.28,398.68
2013-04-23 00:00:00+00:00,403.97,408.38,398.81,406.01
2013-04-24 00:00:00+00:00,393.51,415.25,392.5,405.57
2013-04-25 00:00:00+00:00,411.55,413.94,407.0,408.7
2013-04-26 00:00:00+00:00,409.82,418.77,408.25,417.14
2013-04-29 00:00:00+00:00,420.47,433.62,420.0,430.04
2013-04-30 00:00:00+00:00,443.89,444.34,441.56,442.79
2013-05-01 00:00:00+00:00,444.5,444.93,434.39,439.28
2013-05-02 00:00:00+00:00,441.85,448.59,440.63,445.52
2013-05-03 00:00:00+00:00,451.15,453.23,449.15,449.93
2013-05-06 00:00:00+00:00,455.71,462.2,454.31,460.72
2013-05-07 00:00:00+00:00,465.0,465.7,453.7,458.72
2013-05-08 00:00:00+00:00,459.04,465.37,455.81,463.72
2013-05-09 00:00:00+00:00,459.81,463.0,455.58,456.74
2013-05-10 00:00:00+00:00,457.95,459.71,450.48,452.89
2013-05-13 00:00:00+00:00,451.51,457.9,451.5,454.74
2013-05-14 00:00:00+00:00,453.85,455.2,442.15,443.8
2013-05-15 00:00:00+00:00,439.16,441.0,422.36,428.97
2013-05-16 00:00:00+00:00,423.56,437.85,418.9,434.62
2013-05-17 00:00:00+00:00,439.05,440.09,431.01,433.25
2013-05-20 00:00:00+00:00,431.79,445.8,430.1,442.74
2013-05-21 00:00:00+00:00,438.15,445.48,434.2,439.72
2013-05-22 00:00:00+00:00,444.01,448.35,438.22,441.38
2013-05-23 00:00:00+00:00,436.0,446.16,435.79,442.19
2013-05-24 00:00:00+00:00,440.85,445.66,440.36,445.15
2013-05-28 00:00:00+00:00,449.9,451.11,440.85,441.51
2013-05-29 00:00:00+00:00,440.0,447.5,439.4,445.0
2013-05-30 00:00:00+00:00,445.36,454.5,444.51,451.59
2013-05-31 00:00:00+00:00,452.5,457.1,449.64,449.68
2013-06-03 00:00:00+00:00,451.0,452.36,442.48,450.74
2013-06-04 00:00:00+00:00,453.34,454.43,447.39,449.31
2013-06-05 00:00:00+00:00,445.65,450.72,443.71,445.15
2013-06-06 00:00:00+00:00,445.05,447.0,434.05,438.46
2013-06-07 00:00:00+00:00,436.62,443.24,432.77,441.8
2013-06-10 00:00:00+00:00,444.54,449.08,436.8,438.72
2013-06-11 00:00:00+00:00,435.9,442.76,433.32,437.68
2013-06-12 00:00:00+00:00,439.51,441.25,431.5,432.03
2013-06-13 00:00:00+00:00,432.35,437.14,428.75,435.91
2013-06-14 00:00:00+00:00,435.55,436.29,428.5,430.0
2013-06-17 00:00:00+00:00,431.44,435.7,430.36,432.09
2013-06-18 00:00:00+00:00,431.31,434.9,430.21,431.75
2013-06-19 00:00:00+00:00,431.05,431.66,423.0,423.03
2013-06-20 00:00:00+00:00,419.26,425.98,415.17,416.64
2013-06-21 00:00:00+00:00,418.5,420.0,408.1,413.71
2013-06-24 00:00:00+00:00,407.4,408.66,398.05,402.14
2013-06-25 00:00:00+00:00,405.44,407.79,398.83,402.58
2013-06-26 00:00:00+00:00,403.7,404.79,395.66,398.02
2013-06-27 00:00:00+00:00,399.25,401.39,393.54,393.84
2013-06-28 00:00:00+00:00,391.58,400.27,388.87,396.16
2013-07-01 00:00:00+00:00,402.69,412.27,401.22,409.36
2013-07-02 00:00:00+00:00,409.82,421.63,409.47,418.51
2013-07-03 00:00:00+00:00,420.9,422.98,417.45,421.23
2013-07-05 00:00:00+00:00,419.97,423.29,415.35,417.31
2013-07-08 00:00:00+00:00,420.1,421.0,410.65,415.1
2013-07-09 00:00:00+00:00,413.6,423.5,410.38,422.16
2013-07-10 00:00:00+00:00,419.6,424.8,418.25,420.73
2013-07-11 00:00:00+00:00,422.9,428.25,421.17,427.35
2013-07-12 00:00:00+00:00,427.65,429.79,423.41,426.5
2013-07-15 00:00:00+00:00,425.03,431.46,424.8,427.44
2013-07-16 00:00:00+00:00,426.52,430.71,424.17,430.29
2013-07-17 00:00:00+00:00,429.8,432.22,428.22,430.3
2013-07-18 00:00:00+00:00,433.23,434.87,430.61,431.69
2013-07-19 00:00:00+00:00,433.1,433.98,424.35,424.96
2013-07-22 00:00:00+00:00,429.29,429.75,425.47,426.22
2013-07-23 00:00:00+00:00,426.08,426.96,418.71,418.98
2013-07-24 00:00:00+00:00,438.93,444.59,435.26,440.58
2013-07-25 00:00:00+00:00,440.71,441.4,435.81,438.5
2013-07-26 00:00:00+00:00,435.5,441.04,434.34,440.99
2013-07-29 00:00:00+00:00,440.8,449.99,440.2,447.79
2013-07-30 00:00:00+00:00,449.96,457.15,449.23,453.32
2013-07-31 00:00:00+00:00,455.0,457.34,449.43,452.52
2013-08-01 00:00:00+00:00,455.75,456.8,453.26,456.75
2013-08-02 00:00:00+00:00,457.87,462.85,456.66,462.56
2013-08-05 00:00:00+00:00,464.56,470.67,462.15,469.53
2013-08-06 00:00:00+00:00,468.02,471.89,462.17,465.22
2013-08-07 00:00:00+00:00,463.8,467.0,461.77,464.94
2013-08-08 00:00:00+00:00,464.0,464.1,457.95,461.01
2013-08-09 00:00:00+00:00,458.59,460.46,453.65,454.43
2013-08-12 00:00:00+00:00,456.53,468.65,456.53,467.46
2013-08-13 00:00:00+00:00,470.96,494.66,468.05,489.57
2013-08-14 00:00:00+00:00,497.79,504.25,493.4,498.6
2013-08-15 00:00:00+00:00,496.99,502.4,489.08,497.9
2013-08-16 00:00:00+00:00,500.16,502.94,498.86,502.34
2013-08-19 00:00:00+00:00,504.57,513.74,504.0,507.87
2013-08-20 00:00:00+00:00,509.35,510.57,500.82,501.13
2013-08-21 00:00:00+00:00,503.13,507.15,501.2,502.52
2013-08-22 00:00:00+00:00,504.84,505.59,498.2,502.96
2013-08-23 00:00:00+00:00,502.79,503.35,499.35,501.02
2013-08-26 00:00:00+00:00,500.85,510.2,500.5,502.93
2013-08-27 00:00:00+00:00,497.59,502.51,486.3,488.18
2013-08-28 00:00:00+00:00,486.0,495.8,486.0,490.7
2013-08-29 00:00:00+00:00,491.85,496.5,491.13,491.62
2013-08-30 00:00:00+00:00,492.0,492.95,486.5,487.07
2013-09-03 00:00:00+00:00,493.24,500.6,487.35,488.65
2013-09-04 00:00:00+00:00,499.59,502.24,496.28,498.65
2013-09-05 00:00:00+00:00,500.28,500.68,493.64,495.26
2013-09-06 00:00:00+00:00,498.53,499.38,489.95,498.24
2013-09-09 00:00:00+00:00,504.8,507.92,503.48,506.19
2013-09-10 00:00:00+00:00,506.2,507.45,489.5,494.63
2013-09-11 00:00:00+00:00,467.42,473.69,464.81,467.83
2013-09-12 00:00:00+00:00,468.5,475.4,466.01,472.69
2013-09-13 00:00:00+00:00,469.78,471.83,464.7,464.89
2013-09-16 00:00:00+00:00,461.0,461.61,447.22,450.1
2013-09-17 00:00:00+00:00,447.83,459.71,447.5,455.18
2013-09-18 00:00:00+00:00,463.18,466.35,460.66,464.65
2013-09-19 00:00:00+00:00,470.7,475.83,469.25,472.47
2013-09-20 00:00:00+00:00,477.88,478.55,466.0,466.0
2013-09-23 00:00:00+00:00,496.11,496.91,482.6,490.64
2013-09-24 00:00:00+00:00,494.88,495.47,487.82,489.27
2013-09-25 00:00:00+00:00,489.2,489.64,481.43,481.5
2013-09-26 00:00:00+00:00,486.06,488.56,483.9,486.28
2013-09-27 00:00:00+00:00,483.78,484.67,480.72,482.7
2013-09-30 00:00:00+00:00,476.83,481.66,474.41,476.66
2013-10-01 00:00:00+00:00,478.45,489.14,478.38,488.0
2013-10-02 00:00:00+00:00,485.63,491.8,483.75,489.56
2013-10-03 00:00:00+00:00,490.51,492.35,480.74,483.55
2013-10-04 00:00:00+00:00,483.86,484.6,478.6,483.03
2013-10-07 00:00:00+00:00,486.6,492.65,485.35,487.75
2013-10-08 00:00:00+00:00,489.65,490.64,480.54,481.01
2013-10-09 00:00:00+00:00,484.64,487.79,478.28,486.6
2013-10-10 00:00:00+00:00,491.27,492.38,487.04,489.88
2013-10-11 00:00:00+00:00,487.0,493.84,485.16,493.0
2013-10-14 00:00:00+00:00,489.75,497.58,489.35,496.04
2013-10-15 00:00:00+00:00,497.85,502.0,495.52,498.71
2013-10-16 00:00:00+00:00,500.74,502.53,499.23,501.08
2013-10-17 00:00:00+00:00,499.9,504.78,499.68,504.64
2013-10-18 00:00:00+00:00,506.1,509.26,505.71,508.99
2013-10-21 00:00:00+00:00,511.79,524.3,511.52,521.39
2013-10-22 00:00:00+00:00,526.48,528.45,508.03,519.61
2013-10-23 00:00:00+00:00,519.02,525.67,519.0,524.94
2013-10-24 00:00:00+00:00,525.0,532.47,522.45,531.88
2013-10-25 00:00:00+00:00,531.15,533.23,525.11,526.09
2013-10-28 00:00:00+00:00,529.01,531.0,523.21,529.48
2013-10-29 00:00:00+00:00,536.27,539.25,514.539,517.02
2013-10-30 00:00:00+00:00,519.61,527.52,517.02,524.88
2013-10-31 00:00:00+00:00,525.0,527.49,521.27,522.37
2013-11-01 00:00:00+00:00,524.02,524.8,515.84,520.03
2013-11-04 00:00:00+00:00,521.059,526.82,518.809,526.71
2013-11-05 00:00:00+00:00,524.58,528.89,523.0,525.58
2013-11-06 00:00:00+00:00,524.15,524.86,518.2,520.87
2013-11-07 00:00:00+00:00,519.58,523.19,512.38,512.5
2013-11-08 00:00:00+00:00,514.58,521.13,512.59,520.58
2013-11-11 00:00:00+00:00,519.99,521.669,514.409,519.28
2013-11-12 00:00:00+00:00,517.669,523.919,517.0,520.11
2013-11-13 00:00:00+00:00,518.0,522.25,516.96,520.559
2013-11-14 00:00:00+00:00,522.99,529.28,521.87,528.19
2013-11-15 00:00:00+00:00,526.6,529.09,524.49,524.94
2013-11-18 00:00:00+00:00,524.99,527.19,518.2,518.65
2013-11-19 00:00:00+00:00,519.59,523.38,517.97,519.5
2013-11-20 00:00:00+00:00,519.23,520.419,514.33,515.059
2013-11-21 00:00:00+00:00,517.64,521.21,513.669,521.15
2013-11-22 00:00:00+00:00,519.61,522.159,518.53,519.69
2013-11-25 00:00:00+00:00,521.02,525.87,521.0,523.75
2013-11-26 00:00:00+00:00,524.14,536.14,524.0,533.42
2013-11-27 00:00:00+00:00,536.27,546.0,536.17,545.88
2013-11-29 00:00:00+00:00,549.48,558.33,547.81,556.68
2013-12-02 00:00:00+00:00,558.15,564.33,550.82,551.3
2013-12-03 00:00:00+00:00,558.3,566.38,557.68,566.38
2013-12-04 00:00:00+00:00,565.5,569.19,560.82,564.85
2013-12-05 00:00:00+00:00,572.65,575.14,566.41,568.1
2013-12-06 00:00:00+00:00,565.77,566.75,559.57,559.93
2013-12-09 00:00:00+00:00,561.55,569.58,560.9,566.6
2013-12-10 00:00:00+00:00,563.73,567.88,561.2,565.64
2013-12-11 00:00:00+00:00,566.89,570.98,559.0,561.2
2013-12-12 00:00:00+00:00,562.02,565.34,560.02,560.61
2013-12-13 00:00:00+00:00,562.36,562.88,553.66,554.49
2013-12-16 00:00:00+00:00,555.07,562.64,555.01,557.45
2013-12-17 00:00:00+00:00,555.86,559.44,553.37,554.98
2013-12-18 00:00:00+00:00,549.55,551.45,538.8,550.7
2013-12-19 00:00:00+00:00,549.38,554.99,543.73,544.45
2013-12-20 00:00:00+00:00,545.5,551.63,544.81,548.8
2013-12-23 00:00:00+00:00,567.99,570.72,562.76,570.23
2013-12-24 00:00:00+00:00,569.85,571.88,566.02,568.11
2013-12-26 00:00:00+00:00,568.28,569.5,563.35,563.9
2013-12-27 00:00:00+00:00,563.89,564.41,559.5,560.0
2013-12-30 00:00:00+00:00,557.94,558.09,552.32,554.52
2013-12-31 00:00:00+00:00,554.34,561.29,554.0,561.16
2014-01-02 00:00:00+00:00,555.99,557.08,552.02,553.23
2014-01-03 00:00:00+00:00,552.87,553.7,540.43,540.98
2014-01-06 00:00:00+00:00,537.42,546.82,533.53,543.95
2014-01-07 00:00:00+00:00,544.37,545.96,537.92,540.14
2014-01-08 00:00:00+00:00,539.1,546.07,538.65,543.36
2014-01-09 00:00:00+00:00,546.8,546.98,535.35,536.51
2014-01-10 00:00:00+00:00,539.57,540.8,531.11,532.91
2014-01-13 00:00:00+00:00,529.93,542.5,529.75,535.74
2014-01-14 00:00:00+00:00,538.15,547.51,537.66,546.39
2014-01-15 00:00:00+00:00,553.79,560.2,551.66,557.36
2014-01-16 00:00:00+00:00,554.99,556.85,551.64,554.23
2014-01-17 00:00:00+00:00,551.2,552.08,539.9,540.55
2014-01-21 00:00:00+00:00,540.95,550.07,540.42,549.0
2014-01-22 00:00:00+00:00,550.94,557.3,547.81,551.51
2014-01-23 00:00:00+00:00,549.95,556.5,544.81,556.15
2014-01-24 00:00:00+00:00,553.45,556.18,544.75,546.2
2014-01-27 00:00:00+00:00,550.44,554.8,545.75,550.55
2014-01-28 00:00:00+00:00,508.39,515.0,502.07,506.83
2014-01-29 00:00:00+00:00,503.95,507.38,498.61,500.56
2014-01-30 00:00:00+00:00,502.13,506.5,496.7,499.18
2014-01-31 00:00:00+00:00,495.23,501.56,493.55,500.59
2014-02-03 00:00:00+00:00,502.61,507.73,499.3,501.63
2014-02-04 00:00:00+00:00,505.92,509.47,502.76,508.6
2014-02-05 00:00:00+00:00,506.53,515.28,506.25,512.61
2014-02-06 00:00:00+00:00,510.52,513.5,507.81,512.47
2014-02-07 00:00:00+00:00,521.49,522.929,517.38,519.75
2014-02-10 00:00:00+00:00,518.039,531.99,518.0,529.05
2014-02-11 00:00:00+00:00,530.78,537.75,529.5,535.96
2014-02-12 00:00:00+00:00,536.92,539.6,533.24,535.9
2014-02-13 00:00:00+00:00,534.66,544.85,534.2,544.42
2014-02-14 00:00:00+00:00,542.46,545.98,541.2,543.87
2014-02-18 00:00:00+00:00,546.02,551.19,545.54,545.93
2014-02-19 00:00:00+00:00,544.74,546.89,534.3,537.35
2014-02-20 00:00:00+00:00,533.0,537.0,529.0,531.14
2014-02-21 00:00:00+00:00,532.59,534.57,524.6,525.24
2014-02-24 00:00:00+00:00,523.14,529.94,522.419,527.54
2014-02-25 00:00:00+00:00,529.06,529.57,521.0,522.11
2014-02-26 00:00:00+00:00,523.5,525.0,515.6,517.36
2014-02-27 00:00:00+00:00,517.49,528.78,516.049,527.83
2014-02-28 00:00:00+00:00,528.8,532.75,522.12,526.3
2014-03-03 00:00:00+00:00,523.28,530.68,522.809,527.75
2014-03-04 00:00:00+00:00,530.86,532.64,527.77,531.24
2014-03-05 00:00:00+00:00,530.25,534.75,529.12,532.36
2014-03-06 00:00:00+00:00,532.6,534.44,528.1,530.76
2014-03-07 00:00:00+00:00,531.09,531.98,526.05,530.44
2014-03-10 00:00:00+00:00,528.61,533.33,528.26,531.07
2014-03-11 00:00:00+00:00,535.59,538.74,532.55,536.11
2014-03-12 00:00:00+00:00,534.53,537.35,532.0,536.55
2014-03-13 00:00:00+00:00,537.35,539.68,529.16,530.68
2014-03-14 00:00:00+00:00,528.21,530.97,523.0,524.66
2014-03-17 00:00:00+00:00,527.25,529.97,525.85,526.54
2014-03-18 00:00:00+00:00,525.83,531.97,525.2,531.42
2014-03-19 00:00:00+00:00,532.29,536.24,528.98,531.26
2014-03-20 00:00:00+00:00,529.79,532.67,527.35,528.75
2014-03-21 00:00:00+00:00,531.79,533.75,526.33,531.63
2014-03-24 00:00:00+00:00,538.35,540.5,535.06,539.15
2014-03-25 00:00:00+00:00,541.54,545.75,539.59,545.0
2014-03-26 00:00:00+00:00,546.52,549.01,538.86,539.78
2014-03-27 00:00:00+00:00,539.9,541.5,535.12,537.43
2014-03-28 00:00:00+00:00,538.32,538.94,534.25,536.86
2014-03-31 00:00:00+00:00,539.59,540.83,535.93,536.73
2014-04-01 00:00:00+00:00,537.98,541.87,536.77,541.72
2014-04-02 00:00:00+00:00,542.38,543.48,540.25,542.56
2014-04-03 00:00:00+00:00,541.16,542.5,537.63,538.78
2014-04-04 00:00:00+00:00,539.85,540.0,530.31,531.83
2014-04-07 00:00:00+00:00,528.02,530.9,521.88,523.46
2014-04-08 00:00:00+00:00,525.13,526.13,518.69,523.429
2014-04-09 00:00:00+00:00,522.5,530.49,522.02,530.31
2014-04-10 00:00:00+00:00,530.68,532.24,523.169,523.52
2014-04-11 00:00:00+00:00,519.0,522.83,517.14,519.65
2014-04-14 00:00:00+00:00,521.909,522.169,517.21,521.61
2014-04-15 00:00:00+00:00,520.27,521.65,511.33,517.89
2014-04-16 00:00:00+00:00,518.26,521.09,514.11,518.98
2014-04-17 00:00:00+00:00,520.15,527.76,519.2,525.0
2014-04-21 00:00:00+00:00,525.34,532.14,523.96,531.16
2014-04-22 00:00:00+00:00,528.95,531.83,526.5,531.69
2014-04-23 00:00:00+00:00,529.02,531.13,524.45,524.65
2014-04-24 00:00:00+00:00,568.21,570.0,560.73,567.78
2014-04-25 00:00:00+00:00,564.06,571.99,563.96,571.98
2014-04-28 00:00:00+00:00,572.8,595.77,572.55,594.08
2014-04-29 00:00:00+00:00,593.74,595.98,589.51,592.32
2014-04-30 00:00:00+00:00,593.28,599.43,589.9,590.35
2014-05-01 00:00:00+00:00,592.12,594.8,586.33,591.48
2014-05-02 00:00:00+00:00,592.33,594.2,589.71,592.58
2014-05-05 00:00:00+00:00,590.0,601.0,589.95,600.96
2014-05-06 00:00:00+00:00,601.87,604.41,594.41,594.43
2014-05-07 00:00:00+00:00,595.2,597.29,587.73,592.34
2014-05-08 00:00:00+00:00,588.87,595.32,586.4,588.12
2014-05-09 00:00:00+00:00,584.54,586.25,580.33,585.54
2014-05-12 00:00:00+00:00,587.44,593.66,587.37,592.78
2014-05-13 00:00:00+00:00,592.0,594.55,590.68,593.7
2014-05-14 00:00:00+00:00,592.55,597.4,591.73,593.85
2014-05-15 00:00:00+00:00,594.59,596.6,588.03,588.82
2014-05-16 00:00:00+00:00,588.74,597.53,585.4,597.47
2014-05-19 00:00:00+00:00,597.5,607.33,597.28,604.4
2014-05-20 00:00:00+00:00,604.51,606.44,600.71,604.55
2014-05-21 00:00:00+00:00,603.94,606.71,602.06,606.28
2014-05-22 00:00:00+00:00,606.44,609.85,604.1,607.33
2014-05-23 00:00:00+00:00,607.25,614.75,606.46,614.14
2014-05-27 00:00:00+00:00,615.65,625.86,615.61,625.69
2014-05-28 00:00:00+00:00,626.2,629.83,623.78,624.03
2014-05-29 00:00:00+00:00,627.86,636.87,627.0,635.21
2014-05-30 00:00:00+00:00,637.56,644.18,624.9,633.0
2014-06-02 00:00:00+00:00,633.96,634.83,622.5,628.5
2014-06-03 00:00:00+00:00,628.4,638.74,628.25,637.54
2014-06-04 00:00:00+00:00,637.19,647.9,636.1,644.82
2014-06-05 00:00:00+00:00,646.31,649.37,642.61,647.35
2014-06-06 00:00:00+00:00,649.99,651.26,644.45,645.57
2014-06-09 00:00:00+00:00,92.68,93.88,91.75,93.7
2014-06-10 00:00:00+00:00,94.73,95.05,93.57,94.25
2014-06-11 00:00:00+00:00,94.13,94.76,92.86,93.87
2014-06-12 00:00:00+00:00,94.06,94.12,91.9,92.27
2014-06-13 00:00:00+00:00,92.22,92.44,90.88,91.26
2014-06-16 00:00:00+00:00,91.51,92.75,91.45,92.17
2014-06-17 00:00:00+00:00,92.31,92.7,91.8,92.08
2014-06-18 00:00:00+00:00,92.27,92.29,91.35,92.18
2014-06-19 00:00:00+00:00,92.32,92.32,91.34,91.84
2014-06-20 00:00:00+00:00,91.85,92.55,90.9,90.9
2014-06-23 00:00:00+00:00,91.33,91.62,90.6,90.81
2014-06-24 00:00:00+00:00,90.78,91.74,90.19,90.29
2014-06-25 00:00:00+00:00,90.25,90.7,89.65,90.35
2014-06-26 00:00:00+00:00,90.38,91.05,89.8,90.92
2014-06-27 00:00:00+00:00,90.87,92.0,90.77,91.96
2014-06-30 00:00:00+00:00,92.11,93.73,92.09,92.96
2014-07-01 00:00:00+00:00,93.52,94.07,93.13,93.52
2014-07-02 00:00:00+00:00,93.87,94.06,93.09,93.47
2014-07-03 00:00:00+00:00,93.65,94.1,93.2,94.03
2014-07-07 00:00:00+00:00,94.14,95.99,94.1,95.97
2014-07-08 00:00:00+00:00,96.24,96.8,93.92,95.33
2014-07-09 00:00:00+00:00,95.44,95.95,94.76,95.39
2014-07-10 00:00:00+00:00,93.76,95.55,93.52,95.04
2014-07-11 00:00:00+00:00,95.36,95.89,94.86,95.19
2014-07-14 00:00:00+00:00,95.87,96.89,95.65,96.45
2014-07-15 00:00:00+00:00,96.8,96.85,95.03,95.31
2014-07-16 00:00:00+00:00,96.97,97.1,94.74,94.78
2014-07-17 00:00:00+00:00,95.03,95.28,92.57,93.08
2014-07-18 00:00:00+00:00,93.62,94.74,93.02,94.43
2014-07-21 00:00:00+00:00,94.99,95.0,93.72,93.94
2014-07-22 00:00:00+00:00,94.68,94.89,94.12,94.71
2014-07-23 00:00:00+00:00,95.42,97.88,95.17,97.19
2014-07-24 00:00:00+00:00,97.02,97.32,96.42,97.02
2014-07-25 00:00:00+00:00,96.85,97.84,96.64,97.68
2014-07-28 00:00:00+00:00,97.81,99.24,97.55,99.0
2014-07-29 00:00:00+00:00,99.32,99.44,98.25,98.4
2014-07-30 00:00:00+00:00,98.44,98.7,97.59,98.13
2014-07-31 00:00:00+00:00,97.16,97.45,95.33,95.58
2014-08-01 00:00:00+00:00,94.9,96.62,94.81,96.14
2014-08-04 00:00:00+00:00,96.31,96.58,95.17,95.59
2014-08-05 00:00:00+00:00,95.38,95.68,94.36,95.14
2014-08-06 00:00:00+00:00,94.75,95.48,94.71,94.96
2014-08-07 00:00:00+00:00,94.9,95.95,94.1,94.48
2014-08-08 00:00:00+00:00,94.22,94.82,93.28,94.73
2014-08-11 00:00:00+00:00,95.29,96.08,94.84,95.98
2014-08-12 00:00:00+00:00,96.04,96.88,95.61,95.97
2014-08-13 00:00:00+00:00,96.14,97.23,96.04,97.23
2014-08-14 00:00:00+00:00,97.33,97.57,96.8,97.5
2014-08-15 00:00:00+00:00,97.9,98.19,96.86,97.98
2014-08-18 00:00:00+00:00,98.49,99.37,97.97,99.14
2014-08-19 00:00:00+00:00,99.42,100.68,99.32,100.55
2014-08-20 00:00:00+00:00,100.45,101.09,99.95,100.57
2014-08-21 00:00:00+00:00,100.57,100.94,100.11,100.59
2014-08-22 00:00:00+00:00,100.29,101.47,100.19,101.32
2014-08-25 00:00:00+00:00,101.81,102.17,101.28,101.54
2014-08-26 00:00:00+00:00,101.42,101.51,100.86,100.89
2014-08-27 00:00:00+00:00,101.04,102.57,100.7,102.12
2014-08-28 00:00:00+00:00,101.59,102.79,101.56,102.25
2014-08-29 00:00:00+00:00,102.88,102.9,102.2,102.5
2014-09-02 00:00:00+00:00,103.06,103.74,102.72,103.3
2014-09-03 00:00:00+00:00,103.1,103.2,98.58,98.94
2014-09-04 00:00:00+00:00,98.9,100.09,97.79,98.11
2014-09-05 00:00:00+00:00,98.8,99.39,98.31,98.95
2014-09-08 00:00:00+00:00,99.3,99.31,98.05,98.34
2014-09-09 00:00:00+00:00,99.08,103.08,96.14,98.0
2014-09-10 00:00:00+00:00,98.01,101.11,97.76,100.98
2014-09-11 00:00:00+00:00,100.41,101.44,99.62,101.42
2014-09-12 00:00:00+00:00,101.22,102.19,101.03,101.67
2014-09-15 00:00:00+00:00,102.84,103.05,101.44,101.61
2014-09-16 00:00:00+00:00,99.84,101.26,98.89,100.84
2014-09-17 00:00:00+00:00,101.26,101.8,100.59,101.58
2014-09-18 00:00:00+00:00,101.95,102.35,101.56,101.78
2014-09-19 00:00:00+00:00,102.27,102.35,100.5,100.97
2014-09-22 00:00:00+00:00,101.8,102.14,100.58,101.07
2014-09-23 00:00:00+00:00,100.62,102.95,100.54,102.64
2014-09-24 00:00:00+00:00,102.16,102.85,101.2,101.74
2014-09-25 00:00:00+00:00,100.51,100.71,97.72,97.87
2014-09-26 00:00:00+00:00,98.58,100.74,98.4,100.73
2014-09-29 00:00:00+00:00,98.73,100.44,98.63,100.11
2014-09-30 00:00:00+00:00,100.84,101.54,100.52,100.75
2014-10-01 00:00:00+00:00,100.6,100.69,98.7,99.19
2014-10-02 00:00:00+00:00,99.32,100.22,98.04,99.89
2014-10-03 00:00:00+00:00,99.41,100.21,99.04,99.61
2014-10-06 00:00:00+00:00,99.96,100.65,99.42,99.62
2014-10-07 00:00:00+00:00,99.44,100.12,98.73,98.74
2014-10-08 00:00:00+00:00,98.76,101.11,98.31,100.77
2014-10-09 00:00:00+00:00,101.6,102.38,100.61,101.02
2014-10-10 00:00:00+00:00,100.7,102.03,100.3,100.74
2014-10-13 00:00:00+00:00,101.38,101.78,99.81,99.83
2014-10-14 00:00:00+00:00,100.39,100.52,98.57,98.78
2014-10-15 00:00:00+00:00,98.01,99.15,95.18,97.56
2014-10-16 00:00:00+00:00,95.53,97.72,95.41,96.26
2014-10-17 00:00:00+00:00,97.56,99.0,96.81,97.66
2014-10-20 00:00:00+00:00,98.31,99.96,98.22,99.77
2014-10-21 00:00:00+00:00,103.01,103.02,101.27,102.47
2014-10-22 00:00:00+00:00,102.85,104.11,102.6,103.0
2014-10-23 00:00:00+00:00,104.01,105.05,103.63,104.83
2014-10-24 00:00:00+00:00,105.14,105.49,104.53,105.22
2014-10-27 00:00:00+00:00,104.85,105.48,104.7,105.09
2014-10-28 00:00:00+00:00,105.44,106.72,105.35,106.71
2014-10-29 00:00:00+00:00,106.65,107.37,106.36,107.34
2014-10-30 00:00:00+00:00,106.85,107.35,105.9,106.98
2014-10-31 00:00:00+00:00,108.01,108.04,107.21,107.97
2014-11-03 00:00:00+00:00,108.23,110.3,108.01,109.38
2014-11-04 00:00:00+00:00,109.41,109.49,107.72,108.6
2014-11-05 00:00:00+00:00,109.13,109.3,108.12,108.86
2014-11-06 00:00:00+00:00,108.52,108.75,107.8,108.69
2014-11-07 00:00:00+00:00,108.75,109.32,108.55,109.0
2014-11-10 00:00:00+00:00,109.02,109.33,108.67,108.82
2014-11-11 00:00:00+00:00,108.71,109.75,108.4,109.7
2014-11-12 00:00:00+00:00,109.38,111.43,109.37,111.25
2014-11-13 00:00:00+00:00,111.8,113.45,111.59,112.82
2014-11-14 00:00:00+00:00,113.13,114.19,111.21,114.19
2014-11-17 00:00:00+00:00,114.31,117.28,113.3,114.0
2014-11-18 00:00:00+00:00,113.98,115.69,113.89,115.48
2014-11-19 00:00:00+00:00,115.44,115.74,113.8,114.67
2014-11-20 00:00:00+00:00,114.91,116.86,114.85,116.3
2014-11-21 00:00:00+00:00,117.51,117.57,116.03,116.46
2014-11-24 00:00:00+00:00,116.87,118.77,116.62,118.63
2014-11-25 00:00:00+00:00,119.07,119.75,117.45,117.6
2014-11-26 00:00:00+00:00,117.92,119.1,117.83,118.99
2014-11-28 00:00:00+00:00,119.29,119.4,118.05,118.85
2014-12-01 00:00:00+00:00,118.81,119.25,111.27,115.07
2014-12-02 00:00:00+00:00,113.49,115.75,112.75,114.62
2014-12-03 00:00:00+00:00,115.76,116.35,115.11,115.93
2014-12-04 00:00:00+00:00,115.75,117.2,115.29,115.49
2014-12-05 00:00:00+00:00,115.99,116.08,114.64,114.99
2014-12-08 00:00:00+00:00,114.13,114.65,111.62,112.41
2014-12-09 00:00:00+00:00,110.21,114.3,109.35,114.13
2014-12-10 00:00:00+00:00,114.39,114.85,111.54,111.96
2014-12-11 00:00:00+00:00,112.33,113.8,111.34,111.63
2014-12-12 00:00:00+00:00,110.49,111.87,109.58,109.72
2014-12-15 00:00:00+00:00,110.7,111.6,106.35,108.23
2014-12-16 00:00:00+00:00,106.36,110.16,106.26,106.74
2014-12-17 00:00:00+00:00,107.16,109.84,106.82,109.4
2014-12-18 00:00:00+00:00,111.82,112.65,110.66,112.65
2014-12-19 00:00:00+00:00,112.19,113.24,111.66,111.76
2014-12-22 00:00:00+00:00,112.24,113.49,111.97,112.94
2014-12-23 00:00:00+00:00,113.25,113.33,112.46,112.54
2014-12-24 00:00:00+00:00,112.58,112.71,111.99,112.02
2014-12-26 00:00:00+00:00,112.06,114.52,112.01,114.0
2014-12-29 00:00:00+00:00,113.79,114.77,113.6,113.92
2014-12-30 00:00:00+00:00,113.59,113.92,112.11,112.58
2014-12-31 00:00:00+00:00,112.87,113.13,110.21,110.38
2015-01-02 00:00:00+00:00,111.39,111.44,107.35,109.3
2015-01-05 00:00:00+00:00,108.29,108.65,105.41,106.25
2015-01-06 00:00:00+00:00,106.68,107.43,104.63,106.23
2015-01-07 00:00:00+00:00,107.18,108.2,106.7,107.75
2015-01-08 00:00:00+00:00,109.23,112.15,108.7,111.87
2015-01-09 00:00:00+00:00,112.67,113.25,110.21,112.0
2015-01-12 00:00:00+00:00,112.63,112.64,108.8,109.26
2015-01-13 00:00:00+00:00,111.43,112.8,108.91,110.23
2015-01-15 00:00:00+00:00,110.02,110.06,106.66,106.83
2015-01-16 00:00:00+00:00,107.03,107.58,105.2,105.98
2015-01-20 00:00:00+00:00,107.86,108.97,106.5,108.71
2015-01-21 00:00:00+00:00,108.76,111.06,108.27,109.55
2015-01-22 00:00:00+00:00,110.33,112.47,109.72,112.39
2015-01-23 00:00:00+00:00,112.34,113.75,111.53,112.99
2015-01-26 00:00:00+00:00,113.63,114.36,112.8,113.09
2015-01-27 00:00:00+00:00,112.42,112.48,109.03,109.15
2015-01-28 00:00:00+00:00,117.63,118.12,115.32,115.32
2015-01-29 00:00:00+00:00,116.36,119.19,115.56,118.93
2015-01-30 00:00:00+00:00,118.4,120.0,116.85,117.16
2015-02-02 00:00:00+00:00,118.04,119.17,116.08,118.62
2015-02-03 00:00:00+00:00,118.22,119.09,117.61,118.6
2015-02-04 00:00:00+00:00,118.5,120.51,118.3,119.55
2015-02-05 00:00:00+00:00,120.02,120.23,119.25,119.94
2015-02-06 00:00:00+00:00,120.05,120.25,118.45,118.91
2015-02-09 00:00:00+00:00,118.58,119.84,118.43,119.7
2015-02-10 00:00:00+00:00,120.31,122.15,120.16,122.02
2015-02-11 00:00:00+00:00,122.86,124.92,122.5,124.87
2015-02-12 00:00:00+00:00,126.06,127.48,125.57,126.42
2015-02-13 00:00:00+00:00,127.28,127.28,125.65,127.08
2015-02-17 00:00:00+00:00,127.37,129.449,126.92,127.82
2015-02-18 00:00:00+00:00,127.58,128.78,127.45,128.72
2015-02-19 00:00:00+00:00,128.46,129.03,128.33,128.46
2015-02-20 00:00:00+00:00,128.669,129.5,128.05,129.5
2015-02-23 00:00:00+00:00,130.03,133.0,129.66,132.98
2015-02-24 00:00:00+00:00,132.95,133.6,131.16,132.18
2015-02-25 00:00:00+00:00,131.56,131.6,128.15,128.78
2015-02-26 00:00:00+00:00,128.83,130.87,126.61,130.41
2015-02-27 00:00:00+00:00,130.0,130.57,128.24,128.47
2015-03-02 00:00:00+00:00,129.24,130.28,128.3,129.08
2015-03-03 00:00:00+00:00,128.97,129.52,128.09,129.38
2015-03-04 00:00:00+00:00,129.1,129.56,128.32,128.56
2015-03-05 00:00:00+00:00,128.59,128.75,125.76,126.4
2015-03-06 00:00:00+00:00,128.49,129.37,126.26,126.59
2015-03-09 00:00:00+00:00,127.98,129.57,125.06,127.11
2015-03-10 00:00:00+00:00,126.47,127.22,123.8,124.52
2015-03-11 00:00:00+00:00,124.75,124.77,122.11,122.25
2015-03-12 00:00:00+00:00,122.36,124.9,121.63,124.44
2015-03-13 00:00:00+00:00,124.39,125.4,122.58,123.59
2015-03-16 00:00:00+00:00,123.68,124.95,122.87,124.94
2015-03-17 00:00:00+00:00,125.9,127.32,125.65,127.05
2015-03-18 00:00:00+00:00,127.03,129.16,126.37,128.47
2015-03-19 00:00:00+00:00,128.75,129.25,127.4,127.49
2015-03-20 00:00:00+00:00,128.3,128.35,125.16,125.91
2015-03-23 00:00:00+00:00,127.11,127.85,126.52,127.21
2015-03-24 00:00:00+00:00,127.19,128.039,126.56,126.69
2015-03-25 00:00:00+00:00,126.69,126.82,123.39,123.39
2015-03-26 00:00:00+00:00,122.78,124.88,122.6,124.25
2015-03-27 00:00:00+00:00,124.55,124.71,122.91,123.24
2015-03-30 00:00:00+00:00,124.04,126.4,124.0,126.33
2015-03-31 00:00:00+00:00,126.1,126.49,124.36,124.45
2015-04-01 00:00:00+00:00,124.78,125.12,123.1,124.22
2015-04-02 00:00:00+00:00,124.98,125.56,124.19,125.31
2015-04-06 00:00:00+00:00,124.46,127.51,124.33,127.34
2015-04-07 00:00:00+00:00,127.63,128.13,125.98,126.01
2015-04-08 00:00:00+00:00,125.84,126.4,124.97,125.6
2015-04-09 00:00:00+00:00,125.86,126.58,124.66,126.56
2015-04-10 00:00:00+00:00,125.88,127.21,125.26,127.1
2015-04-13 00:00:00+00:00,127.89,128.57,126.61,126.85
2015-04-14 00:00:00+00:00,127.01,127.29,125.91,126.3
2015-04-15 00:00:00+00:00,126.27,127.13,126.01,126.78
2015-04-16 00:00:00+00:00,126.42,127.1,126.11,126.18
2015-04-17 00:00:00+00:00,125.55,126.14,124.46,124.76
2015-04-20 00:00:00+00:00,125.54,128.12,125.17,127.59
2015-04-21 00:00:00+00:00,128.06,128.199,126.67,126.92
2015-04-22 00:00:00+00:00,126.98,128.87,126.32,128.63
2015-04-23 00:00:00+00:00,128.289,130.419,128.13,129.68
2015-04-24 00:00:00+00:00,130.44,130.63,129.229,130.28
2015-04-27 00:00:00+00:00,132.34,133.13,131.15,132.69
2015-04-28 00:00:00+00:00,134.46,134.54,129.57,130.55
2015-04-29 00:00:00+00:00,130.16,131.59,128.3,128.639
2015-04-30 00:00:00+00:00,127.5,127.88,124.58,125.22
2015-05-01 00:00:00+00:00,126.09,130.13,125.28,128.97
2015-05-04 00:00:00+00:00,129.5,130.57,128.259,128.699
2015-05-05 00:00:00+00:00,128.15,128.449,125.78,125.81
2015-05-06 00:00:00+00:00,126.62,126.75,123.36,125.09
2015-05-07 00:00:00+00:00,124.76,126.08,124.02,125.25
2015-05-08 00:00:00+00:00,126.49,127.62,126.11,127.59
2015-05-11 00:00:00+00:00,127.39,127.56,125.63,126.32
2015-05-12 00:00:00+00:00,125.65,126.88,124.82,125.86
2015-05-13 00:00:00+00:00,126.15,127.19,125.86,126.02
2015-05-14 00:00:00+00:00,127.41,128.949,127.16,128.949
2015-05-15 00:00:00+00:00,129.19,129.49,128.21,128.759
2015-05-18 00:00:00+00:00,128.41,130.72,128.36,130.169
2015-05-19 00:00:00+00:00,130.68,130.88,129.639,130.07
2015-05-20 00:00:00+00:00,130.0,130.979,129.34,130.07
2015-05-21 00:00:00+00:00,130.09,131.63,129.83,131.4
2015-05-22 00:00:00+00:00,131.59,132.97,131.4,132.57
2015-05-26 00:00:00+00:00,132.6,132.91,129.12,129.63
2015-05-27 00:00:00+00:00,130.28,132.26,130.05,132.01
2015-05-28 00:00:00+00:00,131.86,131.95,131.1,131.77
2015-05-29 00:00:00+00:00,131.17,131.45,129.9,130.32
2015-06-01 00:00:00+00:00,131.36,131.46,130.05,130.53
2015-06-02 00:00:00+00:00,129.91,130.66,129.32,129.96
2015-06-03 00:00:00+00:00,130.69,130.94,129.83,130.16
2015-06-04 00:00:00+00:00,129.639,130.58,128.91,129.47
2015-06-05 00:00:00+00:00,129.57,129.69,128.36,128.65
2015-06-08 00:00:00+00:00,128.94,129.21,126.83,127.76
2015-06-09 00:00:00+00:00,126.68,128.08,125.62,127.41
2015-06-10 00:00:00+00:00,127.93,129.34,127.85,128.87
2015-06-11 00:00:00+00:00,129.18,130.18,128.479,128.6
2015-06-12 00:00:00+00:00,128.15,128.33,127.11,127.16
2015-06-15 00:00:00+00:00,126.15,127.24,125.71,126.93
2015-06-16 00:00:00+00:00,127.04,127.85,126.37,127.59
2015-06-17 00:00:00+00:00,127.76,127.88,126.74,127.29
2015-06-18 00:00:00+00:00,127.27,128.31,127.21,127.84
2015-06-19 00:00:00+00:00,127.73,127.82,126.4,126.42
2015-06-22 00:00:00+00:00,127.49,128.06,127.08,127.61
2015-06-23 00:00:00+00:00,127.42,127.61,126.87,127.02
2015-06-24 00:00:00+00:00,127.18,129.8,127.12,128.16
2015-06-25 00:00:00+00:00,128.85,129.199,127.5,127.51
2015-06-26 00:00:00+00:00,127.67,127.99,126.51,126.78
2015-06-29 00:00:00+00:00,125.5,126.47,124.48,124.58
2015-06-30 00:00:00+00:00,125.56,126.12,124.86,125.42
2015-07-01 00:00:00+00:00,126.85,126.94,125.99,126.58
2015-07-02 00:00:00+00:00,126.43,126.69,125.77,126.4
2015-07-06 00:00:00+00:00,124.94,126.23,124.82,125.99
2015-07-07 00:00:00+00:00,125.94,126.15,123.77,125.69
2015-07-08 00:00:00+00:00,124.53,124.65,122.54,122.59
2015-07-09 00:00:00+00:00,123.85,124.06,119.22,120.06
2015-07-10 00:00:00+00:00,121.94,123.85,121.21,123.26
2015-07-13 00:00:00+00:00,124.87,125.76,124.32,125.64
2015-07-14 00:00:00+00:00,126.04,126.37,125.04,125.61
2015-07-15 00:00:00+00:00,125.72,127.15,125.58,126.86
2015-07-16 00:00:00+00:00,127.7,128.57,127.35,128.5
2015-07-17 00:00:00+00:00,128.9,129.62,128.31,129.62
2015-07-20 00:00:00+00:00,131.12,132.97,130.699,132.07
2015-07-21 00:00:00+00:00,132.83,132.92,130.06,130.669
2015-07-22 00:00:00+00:00,121.99,125.5,121.99,125.22
2015-07-23 00:00:00+00:00,126.31,127.09,125.06,125.2
2015-07-24 00:00:00+00:00,125.33,125.74,123.9,124.5
2015-07-27 00:00:00+00:00,123.16,123.61,122.12,122.9
2015-07-28 00:00:00+00:00,123.32,123.91,122.55,123.39
2015-07-29 00:00:00+00:00,123.15,123.5,122.27,122.98
2015-07-30 00:00:00+00:00,122.28,122.57,121.71,122.37
2015-07-31 00:00:00+00:00,122.69,123.28,120.91,121.46
2015-08-03 00:00:00+00:00,121.45,122.57,117.52,118.45
2015-08-04 00:00:00+00:00,117.18,117.7,113.25,114.63
2015-08-05 00:00:00+00:00,112.97,117.44,112.1,115.4
2015-08-06 00:00:00+00:00,115.97,116.5,114.12,115.13
2015-08-07 00:00:00+00:00,114.6,116.25,114.5,115.54
2015-08-10 00:00:00+00:00,116.53,119.99,116.53,119.72
2015-08-11 00:00:00+00:00,117.97,118.18,113.33,113.54
2015-08-12 00:00:00+00:00,112.54,115.42,109.63,115.26
2015-08-13 00:00:00+00:00,116.15,116.4,114.54,115.17
2015-08-14 00:00:00+00:00,114.32,116.31,114.01,115.96
2015-08-17 00:00:00+00:00,116.04,117.65,115.5,117.17
2015-08-18 00:00:00+00:00,116.21,117.44,115.15,116.5
2015-08-19 00:00:00+00:00,116.1,116.52,114.0,115.02
2015-08-20 00:00:00+00:00,114.08,114.35,111.63,112.65
2015-08-21 00:00:00+00:00,110.48,111.9,105.65,105.77
2015-08-24 00:00:00+00:00,94.9,108.8,92.0,103.13
2015-08-25 00:00:00+00:00,111.1,111.16,103.5,103.75
2015-08-26 00:00:00+00:00,107.05,109.89,104.19,109.7
2015-08-27 00:00:00+00:00,112.23,113.24,110.02,112.91
2015-08-28 00:00:00+00:00,112.17,113.31,111.54,113.28
2015-08-31 00:00:00+00:00,112.03,114.53,103.12,112.71
2015-09-01 00:00:00+00:00,110.18,111.87,107.36,107.73
2015-09-02 00:00:00+00:00,110.33,112.33,109.13,112.33
2015-09-03 00:00:00+00:00,112.49,113.29,110.04,110.34
2015-09-04 00:00:00+00:00,108.97,110.45,108.51,109.22
2015-09-08 00:00:00+00:00,111.65,112.56,110.32,112.31
2015-09-09 00:00:00+00:00,113.76,114.02,109.77,110.15
2015-09-10 00:00:00+00:00,110.26,113.28,109.9,112.59
2015-09-11 00:00:00+00:00,111.79,114.2,111.76,114.2
2015-09-14 00:00:00+00:00,116.61,116.89,106.09,115.34
2015-09-15 00:00:00+00:00,115.89,116.53,114.42,116.28
2015-09-16 00:00:00+00:00,116.22,116.54,115.44,116.42
2015-09-17 00:00:00+00:00,115.61,116.49,113.72,113.93
2015-09-18 00:00:00+00:00,111.84,114.3,111.84,113.49
2015-09-21 00:00:00+00:00,113.67,115.37,113.64,115.22
2015-09-22 00:00:00+00:00,113.38,114.18,112.52,113.37
2015-09-23 00:00:00+00:00,113.57,114.72,113.3,114.34
2015-09-24 00:00:00+00:00,113.23,116.19,112.37,115.0
2015-09-25 00:00:00+00:00,116.44,116.69,114.02,114.75
2015-09-28 00:00:00+00:00,113.83,114.57,112.45,112.45
2015-09-29 00:00:00+00:00,112.83,113.51,107.86,109.06
2015-09-30 00:00:00+00:00,110.26,111.54,108.73,110.29
2015-10-01 00:00:00+00:00,107.75,112.86,107.31,109.57
2015-10-02 00:00:00+00:00,108.05,111.01,107.55,110.28
2015-10-05 00:00:00+00:00,109.87,111.37,109.07,110.64
2015-10-06 00:00:00+00:00,110.63,111.74,109.76,111.32
2015-10-07 00:00:00+00:00,111.71,111.77,109.41,110.77
2015-10-08 00:00:00+00:00,110.18,110.19,108.21,109.5
2015-10-09 00:00:00+00:00,110.0,112.28,109.5,112.12
2015-10-12 00:00:00+00:00,112.75,112.75,108.99,111.58
2015-10-13 00:00:00+00:00,110.82,112.45,110.68,111.79
2015-10-14 00:00:00+00:00,111.28,111.53,109.56,110.21
2015-10-15 00:00:00+00:00,110.94,120.07,110.49,111.85
2015-10-16 00:00:00+00:00,111.78,112.0,110.53,111.02
2015-10-19 00:00:00+00:00,110.93,111.75,110.11,111.73
2015-10-20 00:00:00+00:00,111.35,114.17,110.82,113.79
2015-10-21 00:00:00+00:00,113.96,115.58,113.7,113.76
2015-10-22 00:00:00+00:00,114.33,115.52,114.1,115.5
2015-10-23 00:00:00+00:00,116.7,119.23,116.33,119.09
2015-10-26 00:00:00+00:00,118.08,118.13,114.32,115.27
2015-10-27 00:00:00+00:00,115.42,116.54,113.99,114.59
2015-10-28 00:00:00+00:00,116.93,119.3,116.06,119.3
2015-10-29 00:00:00+00:00,118.68,120.69,118.27,120.53
2015-10-30 00:00:00+00:00,121.0,121.22,111.55,119.5
2015-11-02 00:00:00+00:00,119.83,121.36,119.61,121.18
2015-11-03 00:00:00+00:00,120.77,123.49,120.7,122.59
2015-11-04 00:00:00+00:00,123.13,123.82,121.62,122.01
2015-11-05 00:00:00+00:00,121.85,122.69,120.18,120.91
2015-11-06 00:00:00+00:00,121.15,121.81,120.62,121.06
2015-11-09 00:00:00+00:00,120.75,121.81,120.05,120.57
2015-11-10 00:00:00+00:00,116.96,118.07,116.06,116.78
2015-11-11 00:00:00+00:00,116.38,117.42,115.21,116.11
2015-11-12 00:00:00+00:00,116.38,116.82,115.65,115.74
2015-11-13 00:00:00+00:00,115.24,115.56,112.27,112.33
2015-11-16 00:00:00+00:00,111.41,116.15,111.0,114.18
2015-11-17 00:00:00+00:00,114.74,120.49,113.32,113.71
2015-11-18 00:00:00+00:00,115.77,117.49,115.5,117.28
2015-11-19 00:00:00+00:00,117.68,119.75,116.76,118.77
2015-11-20 00:00:00+00:00,119.2,119.92,118.85,119.3
2015-11-23 00:00:00+00:00,119.27,119.73,117.34,117.75
2015-11-24 00:00:00+00:00,117.33,119.35,117.12,118.91
2015-11-25 00:00:00+00:00,119.16,119.24,117.92,118.06
2015-11-27 00:00:00+00:00,118.14,118.8,117.6,117.7
2015-11-30 00:00:00+00:00,117.75,119.42,117.75,118.37
2015-12-01 00:00:00+00:00,118.75,118.81,116.86,117.29
2015-12-02 00:00:00+00:00,117.01,118.11,116.08,116.3
2015-12-03 00:00:00+00:00,116.49,116.79,114.22,115.17
2015-12-04 00:00:00+00:00,115.17,119.25,115.11,119.0
2015-12-07 00:00:00+00:00,118.92,119.86,117.81,118.27
2015-12-08 00:00:00+00:00,117.4,118.6,116.86,118.24
2015-12-09 00:00:00+00:00,117.51,121.23,115.07,115.63
2015-12-10 00:00:00+00:00,116.3,117.96,115.52,116.15
2015-12-11 00:00:00+00:00,115.21,115.39,112.85,113.18
2015-12-14 00:00:00+00:00,111.99,112.68,109.79,112.47
2015-12-15 00:00:00+00:00,111.94,112.8,110.35,110.5
2015-12-16 00:00:00+00:00,111.01,111.99,108.8,111.33
2015-12-17 00:00:00+00:00,112.16,116.51,108.99,109.0
2015-12-18 00:00:00+00:00,108.91,109.52,105.81,105.84
2015-12-21 00:00:00+00:00,107.2,107.75,105.57,107.3
2015-12-22 00:00:00+00:00,107.33,111.34,106.45,107.22
2015-12-23 00:00:00+00:00,107.27,108.85,107.16,108.62
2015-12-24 00:00:00+00:00,108.75,109.0,107.95,108.03
2015-12-28 00:00:00+00:00,107.64,110.49,106.18,106.81
2015-12-29 00:00:00+00:00,106.96,109.43,106.86,108.74
2015-12-30 00:00:00+00:00,108.58,108.77,107.18,107.31
2015-12-31 00:00:00+00:00,107.12,107.12,104.82,105.23
2016-01-04 00:00:00+00:00,102.61,105.37,102.0,105.34
2016-01-05 00:00:00+00:00,105.6,105.85,102.41,102.71
2016-01-06 00:00:00+00:00,100.56,104.14,99.87,100.7
2016-01-07 00:00:00+00:00,98.63,104.09,96.43,96.44
2016-01-08 00:00:00+00:00,98.44,99.11,96.76,96.98
2016-01-11 00:00:00+00:00,99.03,99.06,97.34,98.53
2016-01-12 00:00:00+00:00,100.55,100.69,98.83,99.96
2016-01-13 00:00:00+00:00,100.32,101.19,97.3,97.41
2016-01-14 00:00:00+00:00,97.96,100.48,95.74,99.52
2016-01-15 00:00:00+00:00,96.2,99.09,95.36,97.08
2016-01-19 00:00:00+00:00,98.41,98.65,95.46,96.67
2016-01-20 00:00:00+00:00,95.16,98.19,93.42,96.8
2016-01-21 00:00:00+00:00,97.06,97.88,94.94,96.26
2016-01-22 00:00:00+00:00,98.5,106.96,98.38,101.42
2016-01-25 00:00:00+00:00,101.52,107.32,98.64,99.49
2016-01-26 00:00:00+00:00,99.92,100.88,98.07,99.99
2016-01-27 00:00:00+00:00,96.04,96.64,93.34,93.41
2016-01-28 00:00:00+00:00,93.82,99.45,92.39,94.08
2016-01-29 00:00:00+00:00,94.52,97.22,94.35,97.14
2016-02-01 00:00:00+00:00,96.47,96.71,95.4,96.4
2016-02-02 00:00:00+00:00,95.42,99.5,94.25,94.48
2016-02-03 00:00:00+00:00,95.0,96.84,94.08,96.34
2016-02-04 00:00:00+00:00,95.86,97.33,95.19,96.6
2016-02-05 00:00:00+00:00,96.49,96.92,93.69,94.01
2016-02-08 00:00:00+00:00,93.15,95.7,93.02,95.01
2016-02-09 00:00:00+00:00,94.29,95.94,93.93,95.02
2016-02-10 00:00:00+00:00,95.92,96.35,94.09,94.26
2016-02-11 00:00:00+00:00,93.75,94.69,92.59,93.66
2016-02-12 00:00:00+00:00,94.19,94.5,93.01,93.99
2016-02-16 00:00:00+00:00,94.96,96.85,94.61,96.62
2016-02-17 00:00:00+00:00,96.66,98.21,96.15,98.11
2016-02-18 00:00:00+00:00,98.84,98.89,96.09,96.26
2016-02-19 00:00:00+00:00,96.0,96.76,95.81,96.04
2016-02-22 00:00:00+00:00,96.28,96.9,95.92,96.89
2016-02-23 00:00:00+00:00,96.4,96.5,94.55,94.69
2016-02-24 00:00:00+00:00,93.99,96.38,93.32,96.1
2016-02-25 00:00:00+00:00,96.05,96.76,95.25,96.75
2016-02-26 00:00:00+00:00,97.2,98.03,96.44,96.9
2016-02-29 00:00:00+00:00,96.85,98.23,96.65,96.65
2016-03-01 00:00:00+00:00,97.69,100.77,97.42,100.53
2016-03-02 00:00:00+00:00,100.51,100.9,99.64,100.73
2016-03-03 00:00:00+00:00,100.57,101.71,100.45,101.5
2016-03-04 00:00:00+00:00,102.37,103.75,101.37,103.02
2016-03-07 00:00:00+00:00,102.38,102.83,100.96,101.87
2016-03-08 00:00:00+00:00,100.88,101.76,100.4,101.04
2016-03-09 00:00:00+00:00,101.34,101.58,100.27,101.1
2016-03-10 00:00:00+00:00,101.41,102.24,100.15,101.16
2016-03-11 00:00:00+00:00,102.23,102.27,101.5,102.25
2016-03-14 00:00:00+00:00,101.92,102.91,101.78,102.52
2016-03-15 00:00:00+00:00,103.99,105.18,103.85,104.58
2016-03-16 00:00:00+00:00,104.49,106.31,104.49,105.97
2016-03-17 00:00:00+00:00,105.52,106.47,104.95,105.8
2016-03-18 00:00:00+00:00,106.36,106.5,105.19,105.91
2016-03-21 00:00:00+00:00,105.84,110.55,105.14,105.91
2016-03-22 00:00:00+00:00,105.25,107.29,105.2,106.72
2016-03-23 00:00:00+00:00,106.48,107.07,105.9,106.14
2016-03-24 00:00:00+00:00,105.44,106.25,104.89,105.66
2016-03-28 00:00:00+00:00,106.0,106.19,105.06,105.19
2016-03-29 00:00:00+00:00,104.89,107.79,104.88,107.68
2016-03-30 00:00:00+00:00,108.64,110.42,105.94,109.59
2016-03-31 00:00:00+00:00,109.7,109.9,108.88,108.97
2016-04-01 00:00:00+00:00,108.74,110.0,100.93,109.97
2016-04-04 00:00:00+00:00,110.44,112.19,106.0,111.12
2016-04-05 00:00:00+00:00,109.65,110.73,109.1,109.8
2016-04-06 00:00:00+00:00,110.22,110.98,109.2,110.95
2016-04-07 00:00:00+00:00,109.94,110.42,108.12,108.54
2016-04-08 00:00:00+00:00,108.94,109.77,108.17,108.66
2016-04-11 00:00:00+00:00,108.95,110.62,108.83,109.02
2016-04-12 00:00:00+00:00,109.37,110.5,108.66,110.44
2016-04-13 00:00:00+00:00,110.76,112.34,110.76,112.04
2016-04-14 00:00:00+00:00,111.67,112.39,110.0,112.1
2016-04-15 00:00:00+00:00,112.02,112.3,109.73,109.85
2016-04-18 00:00:00+00:00,108.9,108.95,106.94,107.4
2016-04-19 00:00:00+00:00,107.88,108.0,106.23,106.95
2016-04-20 00:00:00+00:00,106.64,108.09,106.06,107.13
2016-04-21 00:00:00+00:00,106.93,106.98,105.52,105.96
2016-04-22 00:00:00+00:00,105.02,106.48,104.62,105.68
2016-04-25 00:00:00+00:00,104.91,105.65,104.51,105.08
2016-04-26 00:00:00+00:00,103.87,105.3,103.87,104.3
2016-04-27 00:00:00+00:00,95.97,98.7,95.68,97.8
2016-04-28 00:00:00+00:00,97.61,97.88,94.25,94.84
2016-04-29 00:00:00+00:00,94.0,106.93,92.51,93.75
2016-05-02 00:00:00+00:00,93.96,97.97,92.4,93.64
2016-05-03 00:00:00+00:00,94.2,95.74,93.68,95.18
2016-05-04 00:00:00+00:00,95.19,95.9,93.82,94.19
2016-05-05 00:00:00+00:00,94.0,94.12,92.68,93.23
2016-05-06 00:00:00+00:00,93.36,93.45,91.85,92.72
2016-05-09 00:00:00+00:00,93.0,93.77,92.59,92.79
2016-05-10 00:00:00+00:00,93.34,93.57,92.11,93.4
2016-05-11 00:00:00+00:00,93.46,93.57,92.46,92.51
2016-05-12 00:00:00+00:00,92.77,94.69,89.47,90.34
2016-05-13 00:00:00+00:00,90.01,91.67,90.0,90.52
2016-05-16 00:00:00+00:00,92.45,94.39,91.65,93.87
2016-05-17 00:00:00+00:00,94.62,94.7,93.0,93.48
2016-05-18 00:00:00+00:00,94.16,95.21,93.69,94.57
2016-05-19 00:00:00+00:00,94.63,94.64,93.57,94.2
2016-05-20 00:00:00+00:00,94.58,95.43,94.5,95.22
2016-05-23 00:00:00+00:00,95.87,97.19,95.67,96.42
2016-05-24 00:00:00+00:00,97.24,98.09,96.84,97.9
2016-05-25 00:00:00+00:00,98.67,99.74,98.11,99.6
2016-05-26 00:00:00+00:00,99.68,100.73,94.01,100.42
2016-05-27 00:00:00+00:00,99.39,100.47,99.25,100.34
2016-05-31 00:00:00+00:00,99.61,100.4,98.82,99.86
2016-06-01 00:00:00+00:00,99.02,99.54,98.3,98.45
2016-06-02 00:00:00+00:00,97.57,97.85,92.72,97.7
2016-06-03 00:00:00+00:00,97.78,98.27,97.45,97.91
2016-06-06 00:00:00+00:00,97.96,101.89,97.55,98.63
2016-06-07 00:00:00+00:00,99.25,99.87,98.96,99.04
2016-06-08 00:00:00+00:00,99.03,99.56,98.63,98.94
2016-06-09 00:00:00+00:00,98.5,99.99,98.46,99.66
2016-06-10 00:00:00+00:00,98.53,99.35,98.48,98.84
2016-06-13 00:00:00+00:00,98.6,99.12,97.09,97.34
2016-06-14 00:00:00+00:00,97.34,98.48,96.75,97.46
2016-06-15 00:00:00+00:00,97.82,98.94,97.03,97.14
2016-06-16 00:00:00+00:00,96.44,97.75,96.0,97.57
2016-06-17 00:00:00+00:00,96.62,96.65,95.3,95.32
2016-06-20 00:00:00+00:00,96.02,97.74,95.03,95.1
2016-06-21 00:00:00+00:00,94.94,99.54,94.67,95.91
2016-06-22 00:00:00+00:00,96.25,97.27,95.35,95.56
2016-06-23 00:00:00+00:00,95.97,97.55,95.25,96.09
2016-06-24 00:00:00+00:00,92.91,94.66,92.65,93.37
2016-06-27 00:00:00+00:00,93.08,93.08,91.5,92.04
2016-06-28 00:00:00+00:00,92.89,93.66,92.14,93.59
2016-06-29 00:00:00+00:00,93.97,94.55,93.63,94.4
2016-06-30 00:00:00+00:00,94.45,95.77,94.3,95.61
2016-07-01 00:00:00+00:00,95.48,96.7,95.32,95.9
2016-07-05 00:00:00+00:00,95.39,95.4,93.29,95.02
2016-07-06 00:00:00+00:00,94.6,95.66,94.37,95.53
2016-07-07 00:00:00+00:00,95.74,96.5,95.62,95.94
2016-07-08 00:00:00+00:00,96.5,96.89,94.4,96.68
2016-07-11 00:00:00+00:00,96.76,97.65,96.73,96.98
2016-07-12 00:00:00+00:00,97.18,97.7,95.16,97.42
2016-07-13 00:00:00+00:00,97.41,97.67,96.84,96.87
2016-07-14 00:00:00+00:00,97.37,98.99,96.15,98.79
2016-07-15 00:00:00+00:00,99.01,99.3,98.5,98.76
2016-07-18 00:00:00+00:00,98.7,100.13,98.6,99.83
2016-07-19 00:00:00+00:00,99.56,100.0,99.34,99.87
2016-07-20 00:00:00+00:00,99.92,100.46,99.72,99.93
2016-07-21 00:00:00+00:00,99.82,101.0,97.36,99.42
2016-07-22 00:00:00+00:00,99.25,99.3,98.31,98.66
2016-07-25 00:00:00+00:00,98.25,98.84,96.92,97.32
2016-07-26 00:00:00+00:00,96.83,97.97,96.42,96.67
2016-07-27 00:00:00+00:00,104.28,104.35,102.75,102.97
2016-07-28 00:00:00+00:00,102.85,104.45,102.81,104.33
2016-07-29 00:00:00+00:00,104.19,104.55,103.68,104.2
2016-08-01 00:00:00+00:00,104.42,106.16,104.35,106.06
2016-08-02 00:00:00+00:00,105.56,106.07,104.0,104.47
2016-08-03 00:00:00+00:00,104.83,105.86,104.73,105.8
2016-08-04 00:00:00+00:00,105.57,106.01,105.28,105.89
2016-08-05 00:00:00+00:00,106.24,107.65,106.16,107.47
2016-08-08 00:00:00+00:00,107.55,108.37,107.16,108.37
2016-08-09 00:00:00+00:00,108.22,108.94,108.01,108.82
2016-08-10 00:00:00+00:00,108.64,108.9,107.76,108.0
2016-08-11 00:00:00+00:00,108.55,108.94,107.85,107.93
2016-08-12 00:00:00+00:00,107.78,108.44,107.76,108.16
2016-08-15 00:00:00+00:00,108.14,109.54,108.08,109.51
2016-08-16 00:00:00+00:00,109.65,110.23,108.13,109.38
2016-08-17 00:00:00+00:00,109.1,109.37,108.34,109.2
2016-08-18 00:00:00+00:00,109.24,109.6,108.56,109.08
2016-08-19 00:00:00+00:00,108.78,109.69,108.36,109.36
2016-08-22 00:00:00+00:00,108.86,109.14,107.85,108.5
2016-08-23 00:00:00+00:00,108.61,109.95,108.53,108.83
2016-08-24 00:00:00+00:00,108.57,108.95,107.68,108.04
2016-08-25 00:00:00+00:00,107.4,107.88,106.68,107.59
2016-08-26 00:00:00+00:00,107.44,107.95,106.31,106.94
2016-08-29 00:00:00+00:00,106.63,107.44,106.29,106.82
2016-08-30 00:00:00+00:00,105.79,108.86,105.5,105.99
2016-08-31 00:00:00+00:00,105.67,106.63,105.64,106.11
2016-09-01 00:00:00+00:00,106.14,106.8,105.62,106.73
2016-09-02 00:00:00+00:00,107.73,108.0,106.82,107.73
2016-09-06 00:00:00+00:00,107.83,108.3,107.51,107.7
2016-09-07 00:00:00+00:00,107.85,108.76,107.07,108.37
2016-09-08 00:00:00+00:00,107.23,107.7,105.24,105.51
2016-09-09 00:00:00+00:00,104.64,105.72,103.14,103.14
2016-09-12 00:00:00+00:00,102.65,105.72,102.53,105.44
2016-09-13 00:00:00+00:00,107.51,108.79,107.24,108.02
2016-09-14 00:00:00+00:00,108.75,113.03,108.6,111.78
2016-09-15 00:00:00+00:00,113.86,115.73,113.49,115.57
2016-09-16 00:00:00+00:00,115.17,116.13,114.01,114.91
2016-09-19 00:00:00+00:00,115.25,116.18,105.67,113.53
2016-09-20 00:00:00+00:00,112.96,114.12,104.7,113.57
2016-09-21 00:00:00+00:00,113.85,113.99,112.44,113.53
2016-09-22 00:00:00+00:00,114.32,114.94,114.0,114.62
2016-09-23 00:00:00+00:00,114.42,114.79,111.55,112.7
2016-09-26 00:00:00+00:00,111.64,113.85,111.55,112.87
2016-09-27 00:00:00+00:00,113.0,113.18,112.34,113.11
2016-09-28 00:00:00+00:00,113.7,115.29,113.43,113.95
2016-09-29 00:00:00+00:00,113.21,113.8,111.8,112.18
2016-09-30 00:00:00+00:00,112.48,113.37,111.8,113.03
2016-10-03 00:00:00+00:00,112.71,113.05,112.26,112.51
2016-10-04 00:00:00+00:00,113.01,114.31,112.63,113.02
2016-10-05 00:00:00+00:00,113.4,113.66,112.69,113.04
2016-10-06 00:00:00+00:00,113.69,114.34,107.36,113.91
2016-10-07 00:00:00+00:00,114.28,115.21,113.37,114.03
2016-10-10 00:00:00+00:00,115.06,116.75,114.72,116.05
2016-10-11 00:00:00+00:00,117.65,118.69,116.2,116.34
2016-10-12 00:00:00+00:00,117.34,117.98,113.74,117.35
2016-10-13 00:00:00+00:00,116.85,117.44,115.7,116.99
2016-10-14 00:00:00+00:00,117.88,118.17,117.12,117.63
2016-10-17 00:00:00+00:00,117.34,117.84,116.78,117.55
2016-10-18 00:00:00+00:00,118.18,118.21,117.45,117.45
2016-10-19 00:00:00+00:00,117.25,117.84,113.8,117.12
2016-10-20 00:00:00+00:00,116.86,117.38,116.33,117.01
2016-10-21 00:00:00+00:00,116.82,116.92,116.28,116.53
2016-10-24 00:00:00+00:00,117.1,117.74,117.0,117.61
2016-10-25 00:00:00+00:00,117.96,118.36,117.28,118.26
2016-10-26 00:00:00+00:00,114.27,116.39,113.31,115.58
2016-10-27 00:00:00+00:00,115.39,115.86,114.1,114.51
2016-10-28 00:00:00+00:00,113.86,115.21,113.45,113.71
2016-10-31 00:00:00+00:00,113.65,114.23,113.2,113.56
2016-11-01 00:00:00+00:00,113.51,113.81,110.51,111.49
2016-11-02 00:00:00+00:00,111.4,112.35,111.23,111.6
2016-11-03 00:00:00+00:00,110.98,115.59,109.55,109.82
2016-11-04 00:00:00+00:00,108.53,110.25,108.11,108.84
2016-11-07 00:00:00+00:00,110.15,110.51,109.46,110.41
2016-11-08 00:00:00+00:00,110.31,111.72,109.7,111.06
2016-11-09 00:00:00+00:00,109.87,111.32,108.05,110.88
2016-11-10 00:00:00+00:00,111.08,111.1,105.83,107.79
2016-11-11 00:00:00+00:00,107.03,108.87,106.55,108.42
2016-11-14 00:00:00+00:00,107.72,116.63,104.08,105.7
2016-11-15 00:00:00+00:00,106.57,107.68,106.16,107.11
2016-11-16 00:00:00+00:00,106.85,110.23,106.6,110.01
2016-11-17 00:00:00+00:00,109.82,110.35,108.83,109.95
2016-11-18 00:00:00+00:00,109.78,110.54,106.7,110.06
2016-11-21 00:00:00+00:00,110.11,111.99,110.01,111.73
2016-11-22 00:00:00+00:00,111.96,112.42,111.4,111.77
2016-11-23 00:00:00+00:00,111.36,111.52,110.33,111.21
2016-11-25 00:00:00+00:00,111.13,112.0,110.95,111.75
2016-11-28 00:00:00+00:00,111.42,112.47,111.39,111.58
2016-11-29 00:00:00+00:00,110.69,112.03,110.07,111.46
2016-11-30 00:00:00+00:00,111.61,112.2,105.21,110.52
2016-12-01 00:00:00+00:00,110.39,110.94,109.03,109.47
2016-12-02 00:00:00+00:00,109.29,110.09,108.85,109.9
2016-12-05 00:00:00+00:00,110.0,110.84,108.25,109.1
2016-12-06 00:00:00+00:00,109.45,110.36,109.19,109.94
2016-12-07 00:00:00+00:00,109.27,111.24,109.16,111.01
2016-12-08 00:00:00+00:00,110.81,112.45,110.6,112.11
2016-12-09 00:00:00+00:00,112.31,114.7,112.31,113.96
2016-12-12 00:00:00+00:00,113.3,115.0,109.11,113.29
2016-12-13 00:00:00+00:00,113.78,115.92,109.81,115.19
2016-12-14 00:00:00+00:00,115.04,116.2,114.98,115.2
2016-12-15 00:00:00+00:00,115.36,116.73,114.17,115.82
2016-12-16 00:00:00+00:00,116.33,116.5,115.65,115.97
2016-12-19 00:00:00+00:00,115.8,117.38,108.42,116.63
2016-12-20 00:00:00+00:00,116.8,117.5,111.72,116.95
2016-12-21 00:00:00+00:00,116.94,117.4,116.78,117.06
2016-12-22 00:00:00+00:00,116.35,116.51,108.46,116.29
2016-12-23 00:00:00+00:00,115.84,116.52,115.59,116.51
2016-12-27 00:00:00+00:00,116.6,117.8,116.49,117.25
2016-12-28 00:00:00+00:00,117.52,118.02,116.2,116.75
2016-12-29 00:00:00+00:00,116.54,117.11,116.4,116.73
2016-12-30 00:00:00+00:00,116.74,117.2,115.43,115.84
2017-01-03 00:00:00+00:00,115.81,116.33,114.76,116.14
2017-01-04 00:00:00+00:00,115.86,116.51,115.75,116.02
2017-01-05 00:00:00+00:00,115.94,116.86,115.8,116.61
2017-01-06 00:00:00+00:00,116.78,118.16,116.47,117.91
2017-01-09 00:00:00+00:00,117.94,119.43,117.94,119.0
2017-01-10 00:00:00+00:00,118.81,119.38,115.66,119.11
2017-01-11 00:00:00+00:00,118.72,119.93,117.6,119.73
2017-01-12 00:00:00+00:00,118.86,119.3,118.21,119.25
2017-01-13 00:00:00+00:00,119.12,119.62,118.81,119.03
2017-01-17 00:00:00+00:00,118.32,120.24,118.22,119.99
2017-01-18 00:00:00+00:00,120.0,120.5,116.32,119.97
2017-01-19 00:00:00+00:00,119.4,120.09,119.37,119.77
2017-01-20 00:00:00+00:00,120.2,120.45,119.73,119.99
2017-01-23 00:00:00+00:00,119.93,120.81,119.77,120.09
2017-01-24 00:00:00+00:00,119.55,120.1,119.5,119.97
2017-01-25 00:00:00+00:00,120.42,122.1,120.1,121.9
2017-01-26 00:00:00+00:00,121.77,122.44,121.29,121.94
2017-01-27 00:00:00+00:00,122.12,122.35,118.87,121.72
2017-01-30 00:00:00+00:00,120.93,121.62,120.65,121.56
2017-01-31 00:00:00+00:00,121.15,121.4,120.6,121.3
2017-02-01 00:00:00+00:00,127.03,130.49,108.31,128.75
2017-02-02 00:00:00+00:00,127.99,129.389,121.03,128.509
2017-02-03 00:00:00+00:00,128.31,129.19,128.16,129.07
2017-02-06 00:00:00+00:00,129.13,130.5,128.91,130.289
2017-02-07 00:00:00+00:00,130.509,132.09,128.31,131.51
2017-02-08 00:00:00+00:00,131.34,132.22,131.22,132.04
2017-02-09 00:00:00+00:00,131.66,132.45,131.12,132.41
2017-02-10 00:00:00+00:00,132.46,132.94,132.06,132.12
2017-02-13 00:00:00+00:00,133.1,133.82,132.75,133.3
2017-02-14 00:00:00+00:00,133.44,135.09,118.92,135.01
2017-02-15 00:00:00+00:00,135.52,136.27,134.62,135.51
2017-02-16 00:00:00+00:00,135.67,136.02,134.83,135.35
2017-02-17 00:00:00+00:00,135.1,135.79,135.1,135.71
2017-02-21 00:00:00+00:00,136.24,136.75,135.97,136.7
2017-02-22 00:00:00+00:00,136.46,137.12,133.57,137.1
2017-02-23 00:00:00+00:00,137.36,137.48,136.3,136.54
2017-02-24 00:00:00+00:00,135.9,136.66,135.27,136.64
2017-02-27 00:00:00+00:00,137.02,137.44,127.7,136.94
2017-02-28 00:00:00+00:00,137.11,137.44,136.7,136.99
2017-03-01 00:00:00+00:00,137.89,140.16,137.6,139.79
2017-03-02 00:00:00+00:00,139.95,140.28,138.76,138.93
2017-03-03 00:00:00+00:00,138.79,139.83,138.58,139.77
2017-03-06 00:00:00+00:00,139.35,139.77,138.6,139.32
2017-03-07 00:00:00+00:00,139.05,139.99,131.3,139.49
2017-03-08 00:00:00+00:00,138.95,139.8,138.82,139.01
2017-03-09 00:00:00+00:00,138.73,139.52,137.05,138.68
2017-03-10 00:00:00+00:00,139.29,139.36,138.64,139.15
2017-03-13 00:00:00+00:00,138.85,139.43,138.82,139.19
2017-03-14 00:00:00+00:00,139.3,139.65,135.86,138.98
2017-03-15 00:00:00+00:00,139.42,140.76,139.03,140.45
2017-03-16 00:00:00+00:00,140.72,141.02,139.94,140.69
2017-03-17 00:00:00+00:00,140.9,141.0,139.89,139.91
2017-03-20 00:00:00+00:00,140.42,141.5,140.23,141.49
2017-03-21 00:00:00+00:00,142.11,142.81,135.02,139.85
2017-03-22 00:00:00+00:00,139.85,141.6,117.36,141.43
2017-03-23 00:00:00+00:00,141.33,141.59,140.61,140.92
2017-03-24 00:00:00+00:00,141.39,141.74,140.35,140.63
2017-03-27 00:00:00+00:00,139.35,141.22,138.62,140.88
2017-03-28 00:00:00+00:00,140.91,144.04,140.62,143.81
2017-03-29 00:00:00+00:00,143.68,144.49,143.18,144.16
2017-03-30 00:00:00+00:00,144.14,144.5,141.04,143.92
2017-03-31 00:00:00+00:00,143.72,144.27,140.43,143.67
2017-04-03 00:00:00+00:00,143.66,144.12,143.05,143.7
2017-04-04 00:00:00+00:00,143.25,144.9,140.55,144.76
2017-04-05 00:00:00+00:00,144.22,145.46,137.9,144.02
2017-04-06 00:00:00+00:00,144.29,144.52,143.45,143.67
2017-04-07 00:00:00+00:00,143.98,144.18,143.27,143.34
2017-04-10 00:00:00+00:00,143.6,143.88,142.9,143.16
2017-04-11 00:00:00+00:00,142.94,145.32,140.06,141.62
2017-04-12 00:00:00+00:00,141.6,142.15,141.01,141.79
2017-04-13 00:00:00+00:00,141.84,142.38,136.05,141.07
2017-04-17 00:00:00+00:00,141.18,141.87,140.87,141.83
2017-04-18 00:00:00+00:00,141.47,142.04,141.11,141.22
2017-04-19 00:00:00+00:00,141.81,142.0,140.45,140.66
2017-04-20 00:00:00+00:00,141.21,142.93,141.16,142.44
2017-04-21 00:00:00+00:00,142.56,142.68,141.85,142.27
2017-04-24 00:00:00+00:00,143.5,143.95,142.87,143.63
2017-04-25 00:00:00+00:00,143.97,144.9,143.87,144.53
2017-04-26 00:00:00+00:00,144.49,144.6,143.37,143.66
2017-04-27 00:00:00+00:00,143.91,144.16,143.31,143.79
2017-04-28 00:00:00+00:00,144.09,144.3,143.26,143.64
2017-05-01 00:00:00+00:00,145.1,147.23,144.96,146.55
2017-05-02 00:00:00+00:00,147.54,148.09,144.03,147.47
2017-05-03 00:00:00+00:00,145.59,147.49,144.27,147.06
2017-05-04 00:00:00+00:00,146.55,147.14,144.59,146.54
2017-05-05 00:00:00+00:00,146.81,148.98,146.76,148.96
2017-05-08 00:00:00+00:00,149.03,153.7,149.03,153.01
2017-05-09 00:00:00+00:00,153.87,154.88,153.45,153.98
2017-05-10 00:00:00+00:00,153.63,153.94,152.11,153.26
2017-05-11 00:00:00+00:00,152.45,154.07,147.0,153.94
2017-05-12 00:00:00+00:00,154.69,156.42,139.91,156.1
2017-05-15 00:00:00+00:00,156.02,156.65,155.05,155.68
2017-05-16 00:00:00+00:00,156.02,156.06,154.72,155.47
2017-05-17 00:00:00+00:00,153.6,154.57,149.71,150.2
2017-05-18 00:00:00+00:00,151.24,153.34,146.53,152.51
2017-05-19 00:00:00+00:00,153.43,153.98,152.63,153.05
2017-05-22 00:00:00+00:00,154.0,154.58,151.25,153.96
2017-05-23 00:00:00+00:00,154.89,154.9,151.25,153.8
2017-05-24 00:00:00+00:00,153.82,154.17,152.67,153.3
2017-05-25 00:00:00+00:00,153.73,154.35,153.03,153.91
2017-05-26 00:00:00+00:00,153.81,154.24,151.25,153.59
2017-05-30 00:00:00+00:00,153.43,154.43,153.29,153.67
2017-05-31 00:00:00+00:00,153.97,154.18,152.38,152.77
2017-06-01 00:00:00+00:00,153.19,153.33,152.22,153.18
2017-06-02 00:00:00+00:00,153.6,155.45,152.89,155.45
2017-06-05 00:00:00+00:00,154.38,154.45,153.15,153.93
2017-06-06 00:00:00+00:00,153.87,155.81,153.78,154.45
2017-06-07 00:00:00+00:00,155.01,155.98,154.48,155.37
2017-06-08 00:00:00+00:00,155.29,155.55,154.4,154.92
2017-06-09 00:00:00+00:00,155.18,155.2,146.02,148.97
2017-06-12 00:00:00+00:00,145.6,146.09,142.51,145.4
2017-06-13 00:00:00+00:00,147.16,153.42,144.23,146.59
2017-06-14 00:00:00+00:00,147.49,147.54,143.84,145.16
2017-06-15 00:00:00+00:00,143.33,144.48,142.21,144.3
2017-06-16 00:00:00+00:00,143.85,144.5,142.2,142.25
2017-06-19 00:00:00+00:00,143.99,146.74,143.66,146.34
2017-06-20 00:00:00+00:00,146.87,146.87,144.94,145.01
2017-06-21 00:00:00+00:00,145.53,146.07,144.6,145.87
2017-06-22 00:00:00+00:00,145.66,146.7,145.12,145.63
2017-06-23 00:00:00+00:00,145.15,147.16,145.11,146.29
2017-06-26 00:00:00+00:00,147.17,148.29,145.38,145.8
2017-06-27 00:00:00+00:00,145.02,146.16,143.62,143.78
2017-06-28 00:00:00+00:00,144.49,146.11,143.16,145.83
2017-06-29 00:00:00+00:00,144.75,145.13,142.28,143.67
2017-06-30 00:00:00+00:00,144.45,155.13,143.78,144.03
2017-07-03 00:00:00+00:00,144.75,145.31,143.1,143.5
2017-07-05 00:00:00+00:00,143.7,144.79,142.72,144.08
2017-07-06 00:00:00+00:00,143.1,143.5,142.41,142.72
2017-07-07 00:00:00+00:00,142.91,144.75,142.9,144.17
2017-07-10 00:00:00+00:00,144.17,145.95,143.37,145.09
2017-07-11 00:00:00+00:00,144.78,145.85,142.94,145.55
2017-07-12 00:00:00+00:00,145.79,146.18,144.82,145.77
2017-07-13 00:00:00+00:00,145.57,148.49,145.4,147.78
2017-07-14 00:00:00+00:00,147.95,149.34,147.33,149.04
2017-07-17 00:00:00+00:00,148.82,150.9,148.57,149.6
2017-07-18 00:00:00+00:00,149.44,150.13,148.67,150.08
2017-07-19 00:00:00+00:00,150.44,151.42,149.95,151.02
2017-07-20 00:00:00+00:00,151.45,151.77,150.19,150.35
2017-07-21 00:00:00+00:00,150.24,150.45,148.88,150.3
2017-07-24 00:00:00+00:00,150.6,152.44,149.9,152.11
2017-07-25 00:00:00+00:00,151.8,153.84,145.64,152.75
2017-07-26 00:00:00+00:00,153.36,153.93,153.05,153.5
2017-07-27 00:00:00+00:00,153.78,153.99,147.3,150.55
2017-07-28 00:00:00+00:00,149.94,153.41,149.19,149.49
2017-07-31 00:00:00+00:00,149.9,150.33,143.74,148.77
2017-08-01 00:00:00+00:00,149.08,150.23,148.4,150.05
2017-08-02 00:00:00+00:00,159.28,159.75,148.44,157.15
2017-08-03 00:00:00+00:00,157.14,157.45,155.02,155.51
2017-08-04 00:00:00+00:00,156.07,157.4,155.69,156.34
2017-08-07 00:00:00+00:00,157.02,158.92,156.67,158.79
2017-08-08 00:00:00+00:00,158.61,161.83,155.98,160.1
2017-08-09 00:00:00+00:00,159.26,161.27,153.97,161.1
2017-08-10 00:00:00+00:00,160.08,160.7,154.63,155.32
2017-08-11 00:00:00+00:00,156.65,158.57,156.06,157.49
2017-08-14 00:00:00+00:00,159.29,160.21,158.75,159.78
2017-08-15 00:00:00+00:00,160.65,162.2,159.3,161.64
2017-08-16 00:00:00+00:00,162.07,162.51,160.15,160.92
2017-08-17 00:00:00+00:00,160.62,160.71,157.84,157.88
2017-08-18 00:00:00+00:00,158.37,159.5,156.72,157.51
2017-08-21 00:00:00+00:00,157.59,157.89,155.11,157.16
2017-08-22 00:00:00+00:00,158.23,160.0,158.02,159.78
2017-08-23 00:00:00+00:00,159.09,160.47,149.71,159.99
2017-08-24 00:00:00+00:00,160.58,160.74,158.55,159.31
2017-08-25 00:00:00+00:00,159.79,160.56,159.27,159.86
2017-08-28 00:00:00+00:00,160.22,162.0,159.93,161.47
2017-08-29 00:00:00+00:00,160.2,163.12,159.94,162.92
2017-08-30 00:00:00+00:00,163.72,163.89,160.07,163.32
2017-08-31 00:00:00+00:00,163.65,164.52,159.29,163.97
2017-09-01 00:00:00+00:00,164.84,164.94,163.24,164.04
2017-09-05 00:00:00+00:00,163.8,164.25,158.26,162.08
2017-09-06 00:00:00+00:00,162.71,162.99,160.52,161.92
2017-09-07 00:00:00+00:00,162.17,162.24,160.36,161.27
2017-09-08 00:00:00+00:00,160.99,161.15,158.53,158.63
2017-09-11 00:00:00+00:00,160.48,162.05,159.89,161.49
2017-09-12 00:00:00+00:00,162.74,163.96,158.77,160.85
2017-09-13 00:00:00+00:00,159.85,159.96,157.91,159.62
2017-09-14 00:00:00+00:00,159.0,159.4,158.09,158.27
2017-09-15 00:00:00+00:00,158.47,161.85,158.0,159.88
2017-09-18 00:00:00+00:00,160.28,161.33,158.0,158.64
2017-09-19 00:00:00+00:00,159.5,159.77,158.44,158.72
2017-09-20 00:00:00+00:00,158.0,159.92,153.83,156.05
2017-09-21 00:00:00+00:00,155.82,155.83,152.75,153.41
2017-09-22 00:00:00+00:00,152.08,159.34,150.56,151.76
2017-09-25 00:00:00+00:00,149.98,151.84,149.15,150.55
2017-09-26 00:00:00+00:00,151.85,153.92,151.69,153.22
2017-09-27 00:00:00+00:00,153.8,154.72,150.24,154.2
2017-09-28 00:00:00+00:00,153.81,154.28,152.7,153.26
2017-09-29 00:00:00+00:00,153.24,154.13,152.0,154.0
2017-10-02 00:00:00+00:00,154.16,154.48,152.72,153.81
2017-10-03 00:00:00+00:00,153.93,155.09,153.91,154.47
2017-10-04 00:00:00+00:00,153.63,153.86,152.46,153.47
2017-10-05 00:00:00+00:00,154.16,161.91,154.05,155.4
2017-10-06 00:00:00+00:00,154.97,155.5,154.56,155.29
2017-10-09 00:00:00+00:00,155.8,156.73,154.08,155.82
2017-10-10 00:00:00+00:00,156.0,158.0,155.1,155.9
2017-10-11 00:00:00+00:00,155.91,156.98,151.42,156.54
2017-10-12 00:00:00+00:00,156.42,157.37,155.72,156.01
2017-10-13 00:00:00+00:00,156.74,157.28,156.41,157.01
2017-10-16 00:00:00+00:00,157.85,160.0,155.98,159.87
2017-10-17 00:00:00+00:00,159.75,160.87,159.23,160.47
2017-10-18 00:00:00+00:00,160.48,160.71,159.6,159.77
2017-10-19 00:00:00+00:00,156.75,157.08,155.02,155.98
2017-10-20 00:00:00+00:00,156.91,160.42,155.51,156.25
2017-10-23 00:00:00+00:00,156.84,157.69,155.5,156.2
2017-10-24 00:00:00+00:00,156.28,157.42,156.18,157.09
2017-10-25 00:00:00+00:00,157.09,157.55,155.26,156.41
2017-10-26 00:00:00+00:00,157.24,157.83,156.53,157.42
2017-10-27 00:00:00+00:00,159.3,163.6,158.7,163.03
2017-10-30 00:00:00+00:00,163.85,168.07,163.72,166.72
2017-10-31 00:00:00+00:00,167.93,169.65,166.94,169.05
2017-11-01 00:00:00+00:00,169.87,169.94,156.11,166.87
2017-11-02 00:00:00+00:00,167.7,168.5,156.25,168.07
2017-11-03 00:00:00+00:00,174.0,174.26,171.12,172.48
2017-11-06 00:00:00+00:00,172.35,174.99,171.72,174.32
2017-11-07 00:00:00+00:00,174.0,175.25,173.6,174.79
2017-11-08 00:00:00+00:00,174.67,176.24,174.33,176.24
2017-11-09 00:00:00+00:00,175.06,176.1,173.14,175.87
2017-11-10 00:00:00+00:00,175.2,175.4,174.27,174.66
2017-11-13 00:00:00+00:00,173.65,174.5,173.4,173.98
2017-11-14 00:00:00+00:00,173.48,175.35,171.18,171.34
2017-11-15 00:00:00+00:00,170.01,170.32,168.38,169.09
2017-11-16 00:00:00+00:00,171.16,171.87,170.3,171.1
2017-11-17 00:00:00+00:00,171.04,171.39,169.64,170.11
2017-11-20 00:00:00+00:00,170.35,171.49,169.56,169.99
2017-11-21 00:00:00+00:00,170.72,173.7,170.72,173.13
2017-11-22 00:00:00+00:00,173.44,175.04,173.05,174.94
2017-11-24 00:00:00+00:00,175.12,175.5,174.64,174.85
2017-11-27 00:00:00+00:00,175.05,175.11,173.33,174.08
2017-11-28 00:00:00+00:00,174.25,175.08,171.86,173.0
2017-11-29 00:00:00+00:00,172.56,172.93,167.15,169.49
2017-11-30 00:00:00+00:00,170.43,172.14,168.44,171.75
2017-12-01 00:00:00+00:00,169.9,174.31,168.5,171.0
2017-12-04 00:00:00+00:00,172.44,172.71,169.63,169.76
2017-12-05 00:00:00+00:00,169.33,171.52,168.4,169.65
2017-12-06 00:00:00+00:00,167.8,174.25,164.07,169.05
2017-12-07 00:00:00+00:00,169.24,170.44,168.91,169.33
2017-12-08 00:00:00+00:00,170.33,171.0,168.82,169.36
2017-12-11 00:00:00+00:00,169.17,172.92,168.79,172.66
2017-12-12 00:00:00+00:00,172.15,175.15,168.49,171.73
2017-12-13 00:00:00+00:00,172.65,173.54,169.01,172.31
2017-12-14 00:00:00+00:00,172.43,173.14,169.0,172.22
2017-12-15 00:00:00+00:00,172.81,174.31,172.46,173.88
2017-12-18 00:00:00+00:00,174.92,177.2,174.86,176.43
2017-12-19 00:00:00+00:00,174.66,175.39,174.09,174.53
2017-12-20 00:00:00+00:00,174.9,175.42,169.0,174.36
2017-12-21 00:00:00+00:00,174.14,176.02,174.1,175.01
2017-12-22 00:00:00+00:00,174.8,175.42,174.5,175.05
2017-12-26 00:00:00+00:00,170.66,171.47,169.67,170.57
2017-12-27 00:00:00+00:00,170.1,174.43,169.71,170.58
2017-12-28 00:00:00+00:00,170.96,171.85,170.48,171.07
2017-12-29 00:00:00+00:00,170.71,170.71,169.22,169.3
2018-01-02 00:00:00+00:00,170.07,172.3,169.26,172.26
2018-01-03 00:00:00+00:00,172.62,174.55,171.96,172.18
2018-01-04 00:00:00+00:00,172.54,173.47,169.23,173.02
2018-01-05 00:00:00+00:00,173.37,175.37,173.05,174.96
2018-01-08 00:00:00+00:00,174.45,175.61,173.93,174.34
2018-01-09 00:00:00+00:00,174.55,175.06,173.4,174.33
2018-01-10 00:00:00+00:00,173.25,174.3,173.0,174.25
2018-01-11 00:00:00+00:00,174.6,175.49,169.78,175.27
2018-01-12 00:00:00+00:00,176.18,177.36,174.02,177.0
2018-01-16 00:00:00+00:00,177.91,179.4,175.13,176.2
2018-01-17 00:00:00+00:00,176.15,179.25,175.06,179.1
2018-01-18 00:00:00+00:00,179.37,180.1,172.61,179.27
2018-01-19 00:00:00+00:00,178.52,179.58,177.41,178.45
2018-01-22 00:00:00+00:00,177.3,177.78,160.33,177.01
2018-01-23 00:00:00+00:00,177.21,179.48,175.18,176.96
2018-01-24 00:00:00+00:00,177.25,179.26,173.2,174.21
2018-01-25 00:00:00+00:00,174.28,178.75,170.53,171.1
2018-01-26 00:00:00+00:00,171.94,172.03,170.06,171.4
2018-01-29 00:00:00+00:00,169.86,170.16,167.07,167.96
2018-01-30 00:00:00+00:00,165.56,167.37,164.68,166.96
2018-01-31 00:00:00+00:00,166.87,177.07,166.5,167.47
2018-02-01 00:00:00+00:00,167.24,171.3,166.75,167.78
2018-02-02 00:00:00+00:00,166.5,168.46,160.1,160.41
2018-02-05 00:00:00+00:00,159.11,163.88,156.0,156.49
2018-02-06 00:00:00+00:00,154.91,168.1,154.0,163.09
2018-02-07 00:00:00+00:00,163.09,163.4,156.62,159.52
2018-02-08 00:00:00+00:00,160.3,162.36,155.0,155.16
2018-02-09 00:00:00+00:00,156.67,158.34,150.24,156.22
2018-02-12 00:00:00+00:00,158.48,163.89,157.37,162.75
2018-02-13 00:00:00+00:00,161.95,164.75,161.65,164.35
2018-02-14 00:00:00+00:00,163.07,167.54,162.88,167.36
2018-02-15 00:00:00+00:00,169.79,173.09,164.34,173.0
2018-02-16 00:00:00+00:00,172.21,174.82,171.76,172.45
2018-02-20 00:00:00+00:00,172.06,174.26,160.28,171.85
2018-02-21 00:00:00+00:00,172.79,174.12,171.01,171.01
2018-02-22 00:00:00+00:00,171.81,173.95,171.71,172.61
2018-02-23 00:00:00+00:00,173.78,177.99,173.54,175.56
2018-02-26 00:00:00+00:00,176.35,179.39,155.06,178.97
2018-02-27 00:00:00+00:00,179.1,180.48,178.16,178.34
2018-02-28 00:00:00+00:00,179.33,180.62,171.87,178.12
2018-03-01 00:00:00+00:00,178.55,179.9,162.64,174.95
2018-03-02 00:00:00+00:00,172.8,180.0,172.45,176.22
2018-03-05 00:00:00+00:00,175.14,177.75,174.52,176.83
2018-03-06 00:00:00+00:00,177.89,179.97,173.2,176.68
2018-03-07 00:00:00+00:00,174.78,177.12,174.26,175.02
2018-03-08 00:00:00+00:00,175.4,177.89,175.03,176.95
2018-03-09 00:00:00+00:00,177.96,180.03,176.67,179.96
2018-03-12 00:00:00+00:00,180.32,182.39,169.15,181.73
2018-03-13 00:00:00+00:00,182.57,183.5,179.23,179.95
2018-03-14 00:00:00+00:00,180.32,182.0,177.81,178.49
2018-03-15 00:00:00+00:00,178.46,180.24,178.07,178.65
2018-03-16 00:00:00+00:00,178.61,179.12,177.62,177.89
2018-03-19 00:00:00+00:00,177.38,177.52,173.65,175.32
2018-03-20 00:00:00+00:00,175.28,176.8,174.94,175.25
2018-03-21 00:00:00+00:00,175.01,175.09,171.26,171.27
2018-03-22 00:00:00+00:00,170.05,172.68,168.6,168.75
2018-03-23 00:00:00+00:00,168.54,169.92,164.92,164.96
2018-03-26 00:00:00+00:00,168.07,178.65,166.42,172.76
2018-03-27 00:00:00+00:00,173.69,175.15,166.92,168.35
2018-03-28 00:00:00+00:00,167.14,181.72,162.71,166.48
2018-03-29 00:00:00+00:00,168.03,171.75,166.9,167.91
2018-04-02 00:00:00+00:00,167.81,175.26,164.47,166.68
2018-04-03 00:00:00+00:00,167.66,181.3,164.88,168.39
2018-04-04 00:00:00+00:00,164.88,172.01,164.18,171.58
2018-04-05 00:00:00+00:00,172.58,174.23,168.07,172.78
2018-04-06 00:00:00+00:00,170.89,173.43,168.2,168.36
2018-04-09 00:00:00+00:00,169.81,173.09,169.8,170.06
2018-04-10 00:00:00+00:00,173.0,174.0,167.99,173.25
2018-04-11 00:00:00+00:00,172.23,173.93,171.7,172.45
2018-04-12 00:00:00+00:00,173.4,179.35,162.71,174.16
2018-04-13 00:00:00+00:00,174.76,175.84,173.85,174.73
2018-04-16 00:00:00+00:00,175.12,176.19,174.83,175.82
2018-04-17 00:00:00+00:00,176.42,178.94,166.48,178.24
2018-04-18 00:00:00+00:00,177.81,179.35,176.76,177.85
2018-04-19 00:00:00+00:00,174.94,175.39,172.66,172.8
2018-04-20 00:00:00+00:00,170.6,178.54,162.2,165.72
2018-04-23 00:00:00+00:00,166.8,166.97,164.08,165.25
2018-04-24 00:00:00+00:00,165.67,166.33,161.22,162.94
2018-04-25 00:00:00+00:00,162.7,165.42,162.4,163.77
2018-04-26 00:00:00+00:00,164.12,165.73,163.37,164.22
2018-04-27 00:00:00+00:00,164.0,164.33,160.63,162.33
2018-04-30 00:00:00+00:00,162.11,167.26,161.84,165.26
2018-05-01 00:00:00+00:00,166.45,169.2,161.77,169.01
2018-05-02 00:00:00+00:00,175.25,177.86,165.75,176.62
2018-05-03 00:00:00+00:00,175.88,177.68,164.58,176.89
2018-05-04 00:00:00+00:00,178.25,184.25,178.17,183.83
2018-05-07 00:00:00+00:00,185.2,187.67,184.75,185.13
2018-05-08 00:00:00+00:00,185.01,186.22,163.72,186.04
2018-05-09 00:00:00+00:00,186.58,187.4,167.48,187.35
2018-05-10 00:00:00+00:00,187.74,190.37,187.0,190.03
2018-05-11 00:00:00+00:00,189.49,193.99,163.96,188.59
2018-05-14 00:00:00+00:00,188.96,189.69,187.86,188.17
2018-05-15 00:00:00+00:00,186.81,187.07,185.1,186.44
2018-05-16 00:00:00+00:00,186.05,188.46,176.0,188.19
2018-05-17 00:00:00+00:00,187.91,188.91,186.36,186.99
2018-05-18 00:00:00+00:00,187.13,187.82,186.13,186.29
2018-05-21 00:00:00+00:00,188.0,189.27,186.9,187.61
2018-05-22 00:00:00+00:00,188.46,189.19,185.85,187.31
2018-05-23 00:00:00+00:00,186.31,188.5,185.76,188.45
2018-05-24 00:00:00+00:00,188.75,188.86,186.21,188.21
2018-05-25 00:00:00+00:00,188.22,189.65,176.33,188.54
2018-05-29 00:00:00+00:00,187.6,188.75,186.86,187.86
2018-05-30 00:00:00+00:00,187.64,189.63,186.78,187.5
2018-05-31 00:00:00+00:00,187.25,188.23,186.13,186.88
2018-06-01 00:00:00+00:00,188.05,190.26,187.75,190.23
2018-06-04 00:00:00+00:00,191.6,193.44,191.35,191.81
2018-06-05 00:00:00+00:00,193.04,193.94,191.83,193.31
2018-06-06 00:00:00+00:00,193.59,194.08,191.77,194.05
2018-06-07 00:00:00+00:00,194.14,194.23,192.33,193.48
2018-06-08 00:00:00+00:00,191.12,192.0,189.77,191.48
2018-06-11 00:00:00+00:00,191.34,191.97,190.21,191.26
2018-06-12 00:00:00+00:00,191.45,192.65,191.15,192.25
2018-06-13 00:00:00+00:00,192.43,192.88,190.44,190.71
2018-06-14 00:00:00+00:00,191.55,191.59,189.17,190.81
2018-06-15 00:00:00+00:00,190.04,190.16,188.26,188.92
2018-06-18 00:00:00+00:00,187.89,193.33,187.2,188.76
2018-06-19 00:00:00+00:00,185.26,186.33,183.45,185.77
2018-06-20 00:00:00+00:00,186.39,187.21,185.73,186.5
2018-06-21 00:00:00+00:00,187.21,188.35,184.94,185.47
2018-06-22 00:00:00+00:00,185.91,186.18,184.7,184.92
2018-06-25 00:00:00+00:00,183.4,184.92,180.72,182.18
2018-06-26 00:00:00+00:00,182.89,186.53,182.53,184.44
2018-06-27 00:00:00+00:00,185.24,187.28,184.03,184.16
2018-06-28 00:00:00+00:00,184.09,186.21,183.8,185.51
2018-06-29 00:00:00+00:00,186.24,187.19,181.08,182.91
2018-07-02 00:00:00+00:00,183.82,187.3,183.42,187.15
2018-07-03 00:00:00+00:00,187.68,187.95,183.53,184.03
2018-07-05 00:00:00+00:00,185.19,186.41,183.92,185.38
2018-07-09 00:00:00+00:00,189.3,190.68,185.59,190.61
2018-07-10 00:00:00+00:00,190.58,191.28,185.72,190.35
2018-07-11 00:00:00+00:00,188.5,189.78,187.61,187.93
2018-07-12 00:00:00+00:00,189.39,191.41,185.75,191.04
2018-07-13 00:00:00+00:00,191.03,191.84,190.9,191.33
2018-07-16 00:00:00+00:00,191.52,192.65,190.42,190.92
2018-07-17 00:00:00+00:00,189.75,191.87,189.2,191.47
2018-07-18 00:00:00+00:00,191.8,194.36,189.93,190.4
2018-07-19 00:00:00+00:00,189.69,192.55,189.69,191.97
2018-07-20 00:00:00+00:00,191.76,192.49,190.17,191.67
2018-07-23 00:00:00+00:00,190.67,191.96,189.56,191.6
2018-07-24 00:00:00+00:00,192.45,193.66,191.93,192.99
2018-07-25 00:00:00+00:00,193.0,194.85,192.43,194.82
2018-07-26 00:00:00+00:00,194.61,195.96,193.61,194.23
2018-07-27 00:00:00+00:00,194.94,195.19,190.08,190.98
2018-07-30 00:00:00+00:00,191.98,192.2,189.07,189.94
2018-07-31 00:00:00+00:00,190.34,193.21,189.34,190.58
2018-08-01 00:00:00+00:00,199.13,201.76,197.31,201.62
2018-08-02 00:00:00+00:00,200.61,208.38,190.31,207.39
2018-08-03 00:00:00+00:00,207.03,208.74,205.48,207.98
2018-08-06 00:00:00+00:00,207.93,209.25,195.0,209.06
2018-08-07 00:00:00+00:00,209.3,209.5,193.75,207.11
2018-08-08 00:00:00+00:00,206.08,207.81,204.52,207.25
2018-08-09 00:00:00+00:00,207.28,209.78,191.76,208.89
2018-08-10 00:00:00+00:00,207.36,209.1,206.67,207.55
2018-08-13 00:00:00+00:00,207.7,210.96,207.53,208.86
2018-08-14 00:00:00+00:00,210.08,210.56,208.26,209.76
2018-08-15 00:00:00+00:00,209.13,210.74,208.33,210.3
2018-08-16 00:00:00+00:00,211.7,213.82,207.5,213.48
2018-08-17 00:00:00+00:00,213.44,218.29,213.16,217.61
2018-08-20 00:00:00+00:00,218.07,219.18,213.25,215.45
2018-08-21 00:00:00+00:00,216.8,217.2,214.02,215.06
2018-08-22 00:00:00+00:00,214.11,216.36,208.92,215.06
2018-08-23 00:00:00+00:00,214.69,217.05,214.6,215.58
2018-08-24 00:00:00+00:00,216.44,216.9,199.89,216.14
2018-08-27 00:00:00+00:00,217.15,218.74,216.32,217.99
2018-08-28 00:00:00+00:00,219.01,220.54,209.09,219.71
2018-08-29 00:00:00+00:00,220.25,223.49,215.37,222.98
2018-08-30 00:00:00+00:00,223.25,228.26,207.03,225.07
2018-08-31 00:00:00+00:00,226.51,228.87,219.01,227.51
2018-09-04 00:00:00+00:00,228.49,229.18,226.63,228.36
2018-09-05 00:00:00+00:00,228.99,229.68,218.36,226.87
2018-09-06 00:00:00+00:00,226.23,227.35,221.3,223.12
2018-09-07 00:00:00+00:00,221.85,225.38,220.71,221.42
2018-09-10 00:00:00+00:00,220.96,221.85,216.47,218.34
2018-09-11 00:00:00+00:00,218.09,224.3,216.56,223.86
2018-09-12 00:00:00+00:00,224.94,225.0,219.83,221.06
2018-09-13 00:00:00+00:00,223.58,228.36,221.07,226.4
2018-09-14 00:00:00+00:00,225.75,226.85,220.97,223.64
2018-09-17 00:00:00+00:00,222.15,222.95,217.27,217.89
2018-09-18 00:00:00+00:00,217.83,221.85,190.58,218.24
2018-09-19 00:00:00+00:00,218.5,219.64,215.3,218.34
2018-09-20 00:00:00+00:00,220.25,222.29,219.15,220.04
2018-09-21 00:00:00+00:00,220.57,221.36,217.29,217.65
2018-09-24 00:00:00+00:00,216.97,221.26,202.46,220.79
2018-09-25 00:00:00+00:00,219.76,222.82,201.5,222.19
2018-09-26 00:00:00+00:00,221.0,223.75,219.75,220.51
2018-09-27 00:00:00+00:00,223.79,226.44,220.37,225.09
2018-09-28 00:00:00+00:00,224.79,225.84,224.02,225.76
2018-10-01 00:00:00+00:00,227.94,229.42,225.01,227.27
2018-10-02 00:00:00+00:00,227.23,230.0,219.5,229.29
2018-10-03 00:00:00+00:00,230.09,233.48,229.28,232.1
2018-10-08 00:00:00+00:00,222.56,225.44,220.2,223.76
2018-10-09 00:00:00+00:00,223.64,228.86,215.49,226.88
2018-10-10 00:00:00+00:00,225.38,226.87,216.05,216.39
2018-10-11 00:00:00+00:00,214.52,219.5,212.32,214.45
2018-10-12 00:00:00+00:00,220.55,232.51,214.45,222.11
2018-10-15 00:00:00+00:00,221.16,222.11,217.27,217.28
2018-10-16 00:00:00+00:00,218.97,225.22,216.76,222.13
2018-10-17 00:00:00+00:00,222.3,222.65,219.34,221.2
2018-10-18 00:00:00+00:00,217.86,221.19,213.0,216.12
2018-10-19 00:00:00+00:00,219.16,227.95,216.02,219.3
2018-10-22 00:00:00+00:00,219.85,223.36,216.25,220.59
2018-10-23 00:00:00+00:00,215.8,223.26,214.69,222.78
2018-10-24 00:00:00+00:00,222.52,224.23,214.54,215.08
2018-10-25 00:00:00+00:00,217.76,222.44,215.09,219.85
2018-10-26 00:00:00+00:00,215.64,220.2,212.67,216.03
2018-10-29 00:00:00+00:00,219.26,222.38,206.09,212.55
2018-10-30 00:00:00+00:00,211.15,215.19,209.27,213.33
2018-10-31 00:00:00+00:00,216.87,220.45,213.3,218.79
2018-11-01 00:00:00+00:00,219.07,222.5,216.81,222.06
2018-11-02 00:00:00+00:00,209.55,222.22,205.43,207.47
2018-11-05 00:00:00+00:00,204.29,207.48,198.16,201.59
2018-11-06 00:00:00+00:00,201.92,210.0,199.09,203.78
2018-11-07 00:00:00+00:00,205.89,212.24,203.77,209.96
2018-11-08 00:00:00+00:00,209.94,210.12,200.83,208.49
2018-11-09 00:00:00+00:00,205.55,208.49,201.76,204.46
2018-11-12 00:00:00+00:00,198.9,208.53,193.78,194.2
2018-11-13 00:00:00+00:00,191.72,197.18,191.45,192.23
2018-11-14 00:00:00+00:00,193.81,194.5,185.93,186.8
2018-11-15 00:00:00+00:00,188.39,214.45,186.8,191.41
2018-11-16 00:00:00+00:00,190.41,194.97,186.8,193.53
2018-11-19 00:00:00+00:00,189.99,193.53,184.99,185.85
2018-11-20 00:00:00+00:00,178.35,185.86,175.51,176.94
2018-11-21 00:00:00+00:00,179.75,180.27,176.55,176.76
2018-11-23 00:00:00+00:00,174.9,179.56,171.85,171.95
2018-11-26 00:00:00+00:00,174.24,180.82,170.26,174.63
2018-11-27 00:00:00+00:00,171.46,186.76,170.88,174.25
2018-11-28 00:00:00+00:00,176.73,181.29,174.12,180.97
2018-11-29 00:00:00+00:00,182.63,182.8,177.7,179.55
2018-11-30 00:00:00+00:00,180.29,180.33,171.53,178.6
2018-12-03 00:00:00+00:00,184.39,184.94,178.11,184.93
2018-12-04 00:00:00+00:00,180.95,184.82,176.27,176.71
2018-12-06 00:00:00+00:00,171.83,177.74,170.42,174.76
2018-12-07 00:00:00+00:00,173.51,174.72,168.3,168.38
2018-12-10 00:00:00+00:00,164.97,181.86,163.33,169.6
2018-12-11 00:00:00+00:00,171.67,182.73,167.0,168.63
2018-12-12 00:00:00+00:00,170.4,180.74,168.63,169.09
2018-12-13 00:00:00+00:00,170.49,172.57,169.1,170.84
2018-12-14 00:00:00+00:00,169.27,170.95,165.28,165.48
2018-12-17 00:00:00+00:00,165.45,171.19,162.73,164.21
2018-12-18 00:00:00+00:00,165.36,170.53,163.94,165.89
2018-12-19 00:00:00+00:00,165.97,167.45,158.7,160.76
2018-12-20 00:00:00+00:00,160.36,167.18,155.3,156.9
2018-12-21 00:00:00+00:00,156.86,158.16,148.72,150.76
2018-12-24 00:00:00+00:00,148.15,160.36,146.11,146.7
2018-12-26 00:00:00+00:00,148.3,157.23,146.72,157.17
2018-12-27 00:00:00+00:00,155.84,166.06,150.07,156.53
2018-12-28 00:00:00+00:00,157.48,158.52,151.0,156.23
2018-12-31 00:00:00+00:00,158.5,166.0,156.07,157.94
2019-01-02 00:00:00+00:00,154.89,158.85,154.23,157.92
2019-01-04 00:00:00+00:00,144.58,153.69,142.19,148.26
2019-01-07 00:00:00+00:00,148.63,156.23,145.9,147.87
2019-01-08 00:00:00+00:00,149.34,155.01,147.17,150.77
2019-01-09 00:00:00+00:00,151.16,154.53,143.51,153.31
2019-01-10 00:00:00+00:00,152.45,154.2,150.86,153.8
2019-01-11 00:00:00+00:00,152.81,153.8,151.51,152.3
2019-01-14 00:00:00+00:00,150.87,155.84,149.21,149.99
2019-01-15 00:00:00+00:00,150.27,153.39,150.0,153.05
2019-01-16 00:00:00+00:00,153.0,155.88,149.92,154.92
2019-01-17 00:00:00+00:00,154.22,157.66,152.99,155.86
2019-01-22 00:00:00+00:00,156.4,156.82,152.62,153.69
2019-01-23 00:00:00+00:00,154.12,155.14,148.15,153.97
2019-01-24 00:00:00+00:00,153.94,154.48,151.74,152.71
2019-01-25 00:00:00+00:00,155.28,158.14,152.7,157.72
2019-01-28 00:00:00+00:00,155.53,157.76,153.66,156.3
2019-01-29 00:00:00+00:00,156.2,158.13,154.11,154.63
2019-01-30 00:00:00+00:00,163.28,171.48,154.68,165.26
2019-01-31 00:00:00+00:00,166.11,169.0,164.56,166.34
2019-02-01 00:00:00+00:00,166.93,168.98,165.93,166.54
2019-02-04 00:00:00+00:00,167.48,171.66,156.18,171.27
2019-02-05 00:00:00+00:00,172.86,175.08,155.86,174.1
2019-02-06 00:00:00+00:00,174.7,175.57,166.48,174.28
2019-02-07 00:00:00+00:00,172.39,174.24,170.33,170.99
2019-02-08 00:00:00+00:00,168.88,172.38,168.42,170.5
2019-02-11 00:00:00+00:00,171.05,171.21,169.25,169.45
2019-02-12 00:00:00+00:00,170.13,171.02,169.43,170.89
2019-02-13 00:00:00+00:00,171.43,172.48,156.21,170.17
2019-02-14 00:00:00+00:00,169.76,171.27,169.38,170.79
2019-02-19 00:00:00+00:00,169.72,171.44,169.43,170.94
2019-02-20 00:00:00+00:00,171.19,173.32,170.93,172.09
2019-02-21 00:00:00+00:00,171.8,172.37,165.54,171.14
2019-02-22 00:00:00+00:00,171.6,173.0,170.1,172.97
2019-02-25 00:00:00+00:00,173.99,175.87,172.97,174.25
2019-02-26 00:00:00+00:00,173.71,175.3,173.16,174.35
2019-02-27 00:00:00+00:00,173.25,175.0,172.73,174.88
2019-02-28 00:00:00+00:00,174.32,174.91,172.91,173.2
2019-03-01 00:00:00+00:00,174.28,175.15,169.98,174.97
2019-03-04 00:00:00+00:00,175.68,177.75,173.97,175.86
2019-03-05 00:00:00+00:00,175.92,176.0,174.54,175.51
2019-03-06 00:00:00+00:00,174.76,175.53,173.87,174.51
2019-03-07 00:00:00+00:00,173.91,174.52,172.02,172.47
2019-03-08 00:00:00+00:00,170.28,173.08,169.5,172.92
2019-03-11 00:00:00+00:00,175.49,179.13,172.91,178.98
2019-03-12 00:00:00+00:00,179.93,182.67,178.9,180.94
2019-03-13 00:00:00+00:00,182.29,183.3,172.91,181.72
2019-03-14 00:00:00+00:00,183.91,184.1,178.73,183.73
2019-03-15 00:00:00+00:00,184.78,187.33,183.73,186.21
2019-03-18 00:00:00+00:00,185.81,188.42,185.79,188.02
2019-03-19 00:00:00+00:00,188.24,188.99,173.51,186.54
2019-03-20 00:00:00+00:00,186.28,189.49,184.73,188.17
2019-03-21 00:00:00+00:00,190.02,196.33,174.2,195.05
2019-03-22 00:00:00+00:00,195.34,197.69,171.76,191.06
2019-03-25 00:00:00+00:00,191.71,191.98,186.6,188.77
2019-03-26 00:00:00+00:00,191.49,192.88,184.58,186.79
2019-03-27 00:00:00+00:00,188.84,190.3,186.53,188.5
2019-03-28 00:00:00+00:00,188.93,189.56,187.53,188.71
2019-03-29 00:00:00+00:00,189.95,190.08,188.54,189.94
2019-04-01 00:00:00+00:00,191.64,191.68,188.38,191.24
2019-04-02 00:00:00+00:00,191.05,194.46,191.05,194.04
2019-04-03 00:00:00+00:00,193.25,196.5,193.15,195.35
2019-04-04 00:00:00+00:00,194.89,196.37,189.85,195.72
2019-04-05 00:00:00+00:00,196.41,197.1,195.69,196.97
2019-04-08 00:00:00+00:00,196.42,200.23,196.33,200.08
2019-04-09 00:00:00+00:00,200.34,202.85,199.22,199.5
2019-04-10 00:00:00+00:00,198.74,200.74,198.18,200.66
2019-04-11 00:00:00+00:00,200.85,201.0,198.44,198.94
2019-04-12 00:00:00+00:00,199.23,200.14,196.21,198.89
2019-04-15 00:00:00+00:00,198.57,199.85,198.01,199.23
2019-04-16 00:00:00+00:00,199.46,201.37,197.39,199.25
2019-04-17 00:00:00+00:00,199.58,203.38,198.61,203.12
2019-04-18 00:00:00+00:00,203.12,204.15,202.52,203.86
2019-04-22 00:00:00+00:00,202.66,204.94,202.33,204.64
2019-04-23 00:00:00+00:00,204.43,207.75,203.9,207.51
2019-04-24 00:00:00+00:00,207.44,208.48,207.05,207.18
2019-04-25 00:00:00+00:00,206.84,208.34,205.12,205.24
2019-04-26 00:00:00+00:00,204.83,205.28,202.12,204.29
2019-04-29 00:00:00+00:00,204.4,207.54,203.86,204.61
2019-04-30 00:00:00+00:00,203.06,205.22,199.11,200.51
2019-05-01 00:00:00+00:00,209.97,215.31,200.67,210.52
2019-05-02 00:00:00+00:00,209.95,212.65,208.13,209.17
2019-05-03 00:00:00+00:00,210.76,211.84,209.15,211.78
2019-05-06 00:00:00+00:00,204.29,211.75,203.5,208.6
2019-05-07 00:00:00+00:00,205.93,208.48,200.82,202.86
2019-05-08 00:00:00+00:00,202.02,205.34,201.57,202.9
2019-05-09 00:00:00+00:00,200.46,202.9,196.66,200.72
2019-05-10 00:00:00+00:00,197.43,204.75,192.76,197.25
2019-05-13 00:00:00+00:00,187.69,197.18,182.85,185.72
2019-05-14 00:00:00+00:00,186.41,196.59,185.35,188.66
2019-05-15 00:00:00+00:00,186.3,191.75,186.01,190.92
2019-05-16 00:00:00+00:00,189.91,192.48,188.83,190.14
2019-05-17 00:00:00+00:00,187.06,190.9,186.27,188.98
2019-05-20 00:00:00+00:00,183.63,189.0,180.28,183.09
2019-05-21 00:00:00+00:00,185.22,191.04,183.09,186.59
2019-05-22 00:00:00+00:00,184.86,186.6,182.55,182.79
2019-05-23 00:00:00+00:00,179.85,182.78,177.8,179.67
2019-05-24 00:00:00+00:00,180.29,182.14,178.62,179.03
2019-05-28 00:00:00+00:00,178.89,180.59,177.91,178.17
2019-05-29 00:00:00+00:00,176.48,179.35,176.0,177.35
2019-05-30 00:00:00+00:00,177.99,179.24,176.67,178.25
2019-05-31 00:00:00+00:00,176.22,178.3,174.99,175.0
2019-06-03 00:00:00+00:00,175.58,177.92,170.27,173.28
2019-06-04 00:00:00+00:00,175.45,179.84,173.3,179.67
2019-06-05 00:00:00+00:00,184.25,205.28,179.64,182.54
2019-06-06 00:00:00+00:00,183.09,185.47,182.15,185.23
2019-06-07 00:00:00+00:00,186.6,191.92,185.22,190.14
2019-06-12 00:00:00+00:00,193.99,195.97,178.8,194.19
2019-06-13 00:00:00+00:00,194.72,196.8,183.16,194.74
2019-06-14 00:00:00+00:00,191.62,194.15,190.3,192.74
2019-06-17 00:00:00+00:00,192.9,194.96,192.15,193.95
2019-06-18 00:00:00+00:00,196.02,200.29,184.13,198.5
2019-06-19 00:00:00+00:00,199.68,218.37,197.31,197.82
2019-06-20 00:00:00+00:00,200.37,200.61,193.59,199.4
2019-06-21 00:00:00+00:00,198.44,200.85,194.89,198.8
2019-06-24 00:00:00+00:00,198.56,200.46,198.17,198.55
2019-06-25 00:00:00+00:00,198.48,199.29,195.29,195.57
2019-06-26 00:00:00+00:00,197.85,200.99,195.57,199.8
2019-06-27 00:00:00+00:00,200.4,201.58,199.57,199.73
2019-06-28 00:00:00+00:00,198.72,199.74,197.05,197.92
2019-07-01 00:00:00+00:00,203.28,204.49,197.92,201.68
2019-07-02 00:00:00+00:00,201.43,203.13,198.61,202.71
2019-07-03 00:00:00+00:00,203.21,204.59,202.13,204.33
2019-07-05 00:00:00+00:00,203.21,204.59,202.13,204.33
2019-07-08 00:00:00+00:00,200.94,204.23,198.41,200.01
2019-07-09 00:00:00+00:00,199.2,201.51,198.81,201.22
2019-07-10 00:00:00+00:00,201.9,203.73,201.03,203.21
2019-07-11 00:00:00+00:00,203.35,204.39,201.71,201.74
2019-07-12 00:00:00+00:00,202.53,204.0,201.75,203.24
2019-07-15 00:00:00+00:00,204.05,205.87,203.3,205.2
2019-07-16 00:00:00+00:00,204.74,206.11,203.5,204.49
2019-07-17 00:00:00+00:00,204.31,205.09,203.27,203.28
2019-07-18 00:00:00+00:00,204.0,205.88,203.35,205.66
2019-07-19 00:00:00+00:00,205.78,206.5,202.36,202.57
2019-07-22 00:00:00+00:00,203.78,207.23,202.59,207.22
2019-07-23 00:00:00+00:00,208.37,208.91,207.22,208.83
2019-07-24 00:00:00+00:00,207.67,209.15,206.2,208.67
2019-07-25 00:00:00+00:00,208.72,209.24,203.92,207.05
2019-07-26 00:00:00+00:00,207.4,209.73,207.02,207.75
2019-07-29 00:00:00+00:00,208.47,210.64,207.74,209.67
2019-07-30 00:00:00+00:00,208.83,210.16,207.31,208.88
2019-07-31 00:00:00+00:00,216.4,221.37,208.78,212.78
2019-08-01 00:00:00+00:00,214.01,218.03,206.72,208.45
2019-08-02 00:00:00+00:00,205.15,208.43,201.63,204.09
2019-08-05 00:00:00+00:00,197.88,204.02,192.58,193.22
2019-08-06 00:00:00+00:00,196.43,198.07,193.34,196.98
2019-08-07 00:00:00+00:00,195.49,214.02,193.82,199.14
2019-08-08 00:00:00+00:00,200.31,207.97,193.89,203.45
2019-08-12 00:00:00+00:00,199.46,202.06,199.15,200.5
2019-08-13 00:00:00+00:00,201.0,213.35,200.48,208.98
2019-08-14 00:00:00+00:00,203.28,208.97,202.5,202.75
2019-08-15 00:00:00+00:00,203.46,215.08,199.67,201.73
2019-08-16 00:00:00+00:00,204.17,207.17,201.74,206.44
2019-08-19 00:00:00+00:00,210.69,212.74,206.4,210.34
2019-08-20 00:00:00+00:00,210.78,213.35,210.32,210.35
2019-08-21 00:00:00+00:00,212.97,213.65,210.36,212.67
2019-08-22 00:00:00+00:00,213.19,214.44,210.75,212.45
2019-08-23 00:00:00+00:00,209.39,212.46,201.0,202.63
2019-08-26 00:00:00+00:00,205.89,209.74,202.64,206.6
2019-08-27 00:00:00+00:00,207.81,208.57,203.53,204.13
2019-08-28 00:00:00+00:00,204.1,206.95,203.32,205.52
2019-08-29 00:00:00+00:00,208.69,209.32,202.83,209.1
2019-08-30 00:00:00+00:00,210.15,210.45,207.2,208.74
2019-09-03 00:00:00+00:00,206.42,208.74,204.22,205.69
2019-09-04 00:00:00+00:00,208.39,209.48,205.26,209.25
2019-09-05 00:00:00+00:00,211.85,213.97,205.39,213.27
2019-09-06 00:00:00+00:00,213.98,214.42,208.86,213.27
2019-09-09 00:00:00+00:00,214.86,216.44,211.07,214.15
2019-09-10 00:00:00+00:00,213.81,216.78,211.71,216.77
2019-09-11 00:00:00+00:00,218.12,223.64,216.7,223.59
2019-09-12 00:00:00+00:00,224.8,226.42,202.64,223.09
2019-09-13 00:00:00+00:00,220.01,223.09,199.1,218.8
2019-09-16 00:00:00+00:00,217.74,220.13,217.56,219.9
2019-09-17 00:00:00+00:00,219.87,220.82,219.12,220.65
2019-09-18 00:00:00+00:00,221.13,222.85,219.44,222.77
2019-09-19 00:00:00+00:00,222.12,223.76,220.37,220.95
2019-09-20 00:00:00+00:00,221.39,222.56,217.47,217.74
2019-09-23 00:00:00+00:00,218.91,221.12,217.65,218.68
2019-09-24 00:00:00+00:00,221.14,222.49,217.19,217.68
2019-09-25 00:00:00+00:00,218.75,221.5,208.39,220.98
2019-09-26 00:00:00+00:00,219.88,221.03,218.83,219.89
2019-09-27 00:00:00+00:00,220.43,220.96,217.28,218.85
2019-09-30 00:00:00+00:00,220.93,224.58,218.82,223.98
2019-10-01 00:00:00+00:00,225.13,228.22,223.97,224.58
2019-10-02 00:00:00+00:00,223.09,224.59,217.93,218.96
2019-10-03 00:00:00+00:00,218.53,220.96,215.13,220.81
2019-10-04 00:00:00+00:00,225.71,227.49,220.82,227.01
2019-10-07 00:00:00+00:00,226.31,229.94,225.84,227.06
2019-10-08 00:00:00+00:00,225.88,228.06,224.33,224.39
2019-10-09 00:00:00+00:00,227.08,228.88,221.32,227.0
2019-10-10 00:00:00+00:00,227.9,230.44,220.9,230.09
2019-10-11 00:00:00+00:00,232.95,237.64,227.9,236.22
2019-10-14 00:00:00+00:00,235.1,238.14,227.9,235.89
2019-10-15 00:00:00+00:00,236.39,237.65,234.31,235.32
2019-10-16 00:00:00+00:00,233.37,235.32,233.2,234.39
2019-10-17 00:00:00+00:00,235.09,237.55,233.52,235.29
2019-10-18 00:00:00+00:00,234.36,237.58,234.29,236.28
2019-10-21 00:00:00+00:00,237.65,241.1,236.41,240.53
2019-10-22 00:00:00+00:00,241.17,242.2,239.61,239.97
2019-10-23 00:00:00+00:00,242.1,243.24,239.96,243.14
2019-10-24 00:00:00+00:00,244.51,244.8,241.81,243.6
2019-10-25 00:00:00+00:00,243.17,246.73,242.88,246.58
2019-10-28 00:00:00+00:00,247.5,249.25,246.58,249.04
2019-10-29 00:00:00+00:00,249.01,249.75,235.32,243.29
2019-10-30 00:00:00+00:00,244.9,245.3,241.21,243.29
2019-10-31 00:00:00+00:00,247.2,249.18,237.26,248.84
2019-11-01 00:00:00+00:00,249.54,255.93,236.65,255.83
2019-11-04 00:00:00+00:00,257.37,257.85,255.37,257.48
2019-11-05 00:00:00+00:00,257.06,258.19,236.4,257.149
2019-11-06 00:00:00+00:00,256.87,257.79,255.36,257.24
2019-11-07 00:00:00+00:00,258.74,260.35,257.24,259.5
2019-11-08 00:00:00+00:00,258.7,260.44,256.85,260.14
2019-11-11 00:00:00+00:00,258.3,262.47,242.37,262.2
2019-11-12 00:00:00+00:00,261.56,262.79,260.92,261.98
2019-11-13 00:00:00+00:00,261.13,264.78,261.05,264.47
2019-11-14 00:00:00+00:00,263.88,264.88,262.089,262.69
2019-11-15 00:00:00+00:00,263.7,265.78,262.0,265.75
2019-11-18 00:00:00+00:00,265.79,267.43,264.23,267.12
2019-11-19 00:00:00+00:00,267.86,268.0,256.8,266.29
2019-11-20 00:00:00+00:00,265.55,266.29,260.399,263.22
2019-11-21 00:00:00+00:00,263.98,264.01,261.18,262.01
2019-11-22 00:00:00+00:00,262.55,263.18,260.839,261.839
2019-11-25 00:00:00+00:00,262.64,266.44,261.779,266.42
2019-11-26 00:00:00+00:00,266.93,267.21,262.5,264.1
2019-11-27 00:00:00+00:00,265.63,267.98,264.29,267.94
2019-11-29 00:00:00+00:00,266.6,268.0,265.2,267.4
2019-12-02 00:00:00+00:00,267.59,268.25,263.45,264.1
2019-12-03 00:00:00+00:00,258.25,264.16,256.29,259.519
2019-12-04 00:00:00+00:00,261.07,263.32,259.45,261.74
2019-12-05 00:00:00+00:00,263.75,265.89,234.23,265.58
2019-12-06 00:00:00+00:00,267.5,271.0,265.58,270.7
2019-12-09 00:00:00+00:00,270.07,270.8,264.91,266.92
2019-12-10 00:00:00+00:00,268.6,270.07,255.82,268.62
2019-12-11 00:00:00+00:00,268.8,271.1,268.48,270.74
2019-12-12 00:00:00+00:00,267.82,272.56,267.32,271.46
2019-12-13 00:00:00+00:00,271.44,275.3,265.04,275.26
2019-12-16 00:00:00+00:00,276.99,280.79,275.15,279.86
2019-12-17 00:00:00+00:00,279.66,281.77,278.8,280.42
2019-12-18 00:00:00+00:00,279.71,281.9,279.12,279.71
2019-12-19 00:00:00+00:00,279.51,281.18,278.95,280.03
2019-12-20 00:00:00+00:00,282.17,282.65,278.56,279.28
2019-12-23 00:00:00+00:00,280.58,284.64,279.44,283.97
2019-12-24 00:00:00+00:00,284.52,284.89,282.92,284.42
2019-12-26 00:00:00+00:00,284.82,289.98,284.27,289.91
2019-12-27 00:00:00+00:00,291.06,293.97,288.11,289.82
2019-12-30 00:00:00+00:00,289.57,292.69,283.38,291.647
2019-12-31 00:00:00+00:00,289.93,293.68,289.52,293.37
2020-01-02 00:00:00+00:00,296.24,300.6,293.65,300.58
2020-01-03 00:00:00+00:00,297.13,300.58,296.45,297.38
2020-01-06 00:00:00+00:00,293.79,299.96,292.75,299.78
2020-01-07 00:00:00+00:00,299.94,300.9,297.48,298.27
2020-01-08 00:00:00+00:00,297.24,304.44,297.13,303.15
2020-01-09 00:00:00+00:00,307.25,310.43,298.142,309.71
2020-01-10 00:00:00+00:00,310.6,312.67,281.771,310.37
2020-01-13 00:00:00+00:00,311.69,317.07,298.65,316.96
2020-01-14 00:00:00+00:00,316.7,317.57,311.75,312.69
2020-01-15 00:00:00+00:00,311.84,315.5,309.55,311.5
2020-01-16 00:00:00+00:00,313.62,315.7,284.0,315.33
2020-01-17 00:00:00+00:00,316.21,318.744,309.78,318.67
2020-01-21 00:00:00+00:00,317.1,319.03,310.873,316.59
2020-01-22 00:00:00+00:00,318.62,319.99,316.57,317.7
2020-01-23 00:00:00+00:00,317.86,319.56,315.65,319.289
2020-01-24 00:00:00+00:00,320.18,323.33,317.518,318.33
2020-01-27 00:00:00+00:00,310.06,319.86,304.88,308.96
2020-01-28 00:00:00+00:00,312.38,318.4,308.95,317.69
2020-01-29 00:00:00+00:00,324.52,327.85,317.69,324.32
2020-01-30 00:00:00+00:00,320.65,324.34,313.18,323.89
2020-01-31 00:00:00+00:00,320.95,323.87,308.25,309.33
2020-02-03 00:00:00+00:00,304.28,319.17,302.21,308.71
2020-02-04 00:00:00+00:00,315.39,319.64,308.66,318.86
2020-02-05 00:00:00+00:00,323.51,324.77,317.69,321.58
2020-02-06 00:00:00+00:00,322.5,325.22,308.81,325.21
2020-02-07 00:00:00+00:00,322.38,325.21,308.89,320.04
2020-02-10 00:00:00+00:00,314.18,321.55,313.85,321.55
2020-02-11 00:00:00+00:00,323.43,323.9,318.71,319.61
2020-02-12 00:00:00+00:00,321.55,327.21,319.61,327.21
2020-02-13 00:00:00+00:00,324.25,327.2,323.35,324.91
2020-02-14 00:00:00+00:00,324.71,325.98,314.13,324.94
2020-02-18 00:00:00+00:00,315.35,324.95,314.61,319.0
2020-02-19 00:00:00+00:00,320.03,324.619,319.0,323.62
2020-02-20 00:00:00+00:00,322.57,324.669,292.55,320.3
2020-02-21 00:00:00+00:00,318.35,324.95,310.5,313.03
2020-02-24 00:00:00+00:00,297.27,313.05,289.22,298.17
2020-02-25 00:00:00+00:00,301.0,302.53,286.13,288.08
2020-02-26 00:00:00+00:00,286.66,299.274,286.5,292.64
2020-02-27 00:00:00+00:00,281.1,292.65,272.96,273.04
2020-02-28 00:00:00+00:00,257.269,283.36,256.37,274.58
2020-03-02 00:00:00+00:00,282.28,301.44,266.59,298.82
2020-03-03 00:00:00+00:00,303.67,304.0,272.75,289.31
2020-03-04 00:00:00+00:00,296.51,314.18,286.53,302.76
2020-03-05 00:00:00+00:00,295.61,323.52,268.83,292.92
2020-03-09 00:00:00+00:00,263.72,289.03,263.0,266.09
2020-03-10 00:00:00+00:00,277.13,317.8,266.17,285.69
2020-03-11 00:00:00+00:00,277.45,317.79,266.17,275.3
2020-03-12 00:00:00+00:00,256.04,275.43,248.0,248.0
2020-03-13 00:00:00+00:00,264.88,279.92,248.23,278.06
2020-03-16 00:00:00+00:00,241.83,277.97,239.951,241.469
2020-03-17 00:00:00+00:00,247.49,275.61,238.4,252.85
2020-03-18 00:00:00+00:00,239.82,274.33,237.12,249.0
2020-03-19 00:00:00+00:00,247.42,289.32,242.6,244.78
2020-03-20 00:00:00+00:00,247.2,266.17,228.0,228.74
2020-03-23 00:00:00+00:00,228.0,236.37,212.6,223.44
2020-03-24 00:00:00+00:00,236.77,273.5,224.37,246.88
2020-03-25 00:00:00+00:00,250.89,258.25,244.28,245.46
2020-03-26 00:00:00+00:00,246.53,258.68,224.37,258.48
2020-03-27 00:00:00+00:00,252.75,258.44,244.78,247.62
2020-03-30 00:00:00+00:00,250.74,256.209,235.6,254.79
2020-03-31 00:00:00+00:00,255.6,277.97,252.0,254.3
2020-04-01 00:00:00+00:00,246.62,254.29,220.555,240.76
2020-04-02 00:00:00+00:00,240.2,245.15,236.9,244.93
2020-04-03 00:00:00+00:00,242.91,255.754,238.97,241.42
2020-04-06 00:00:00+00:00,250.87,263.11,241.41,262.4
2020-04-07 00:00:00+00:00,270.8,271.7,244.988,259.329
2020-04-08 00:00:00+00:00,262.74,267.38,248.01,266.07
2020-04-09 00:00:00+00:00,269.2,270.07,244.93,267.96
2020-04-13 00:00:00+00:00,268.31,273.7,263.269,273.23
2020-04-14 00:00:00+00:00,280.02,289.2,266.07,287.064
2020-04-15 00:00:00+00:00,282.35,287.05,254.81,284.45
2020-04-16 00:00:00+00:00,287.34,299.8,282.35,286.72
2020-04-17 00:00:00+00:00,284.71,293.0,276.86,282.8
2020-04-20 00:00:00+00:00,277.76,282.8,276.85,276.85
2020-04-21 00:00:00+00:00,276.28,280.74,265.43,268.36
2020-04-22 00:00:00+00:00,273.55,277.98,268.37,276.1
2020-04-23 00:00:00+00:00,275.92,281.75,273.66,274.87
2020-04-24 00:00:00+00:00,277.25,285.141,275.03,282.95
2020-04-27 00:00:00+00:00,281.83,285.0,279.95,283.16
2020-04-28 00:00:00+00:00,284.99,285.83,273.71,278.57
2020-04-29 00:00:00+00:00,284.92,289.67,278.58,287.83
2020-04-30 00:00:00+00:00,289.99,294.53,278.58,293.91
2020-05-01 00:00:00+00:00,286.26,299.0,285.85,289.07
2020-05-04 00:00:00+00:00,289.17,293.69,282.8,293.17
2020-05-05 00:00:00+00:00,295.05,301.0,291.042,297.77
2020-05-06 00:00:00+00:00,300.56,303.26,276.1,300.509
2020-05-07 00:00:00+00:00,303.2,305.17,300.63,303.75
2020-05-08 00:00:00+00:00,305.63,310.35,303.74,310.148
2020-05-11 00:00:00+00:00,308.12,317.05,303.74,315.002
2020-05-12 00:00:00+00:00,317.92,319.69,310.89,311.34
2020-05-13 00:00:00+00:00,312.13,315.95,303.2,307.68
2020-05-14 00:00:00+00:00,304.66,309.79,301.53,309.7
2020-05-15 00:00:00+00:00,300.35,309.54,293.94,307.74
2020-05-18 00:00:00+00:00,313.16,316.68,307.71,314.89
2020-05-19 00:00:00+00:00,315.03,318.52,282.8,313.01
2020-05-20 00:00:00+00:00,316.69,319.52,313.14,319.16
2020-05-22 00:00:00+00:00,315.78,319.23,315.34,318.81
2020-05-27 00:00:00+00:00,315.94,318.71,313.09,318.13
2020-05-28 00:00:00+00:00,316.6,323.44,315.63,318.2
2020-05-29 00:00:00+00:00,319.34,321.15,316.46,317.92
2020-06-01 00:00:00+00:00,317.79,322.35,317.21,321.76
2020-06-02 00:00:00+00:00,320.71,323.44,287.73,323.42
2020-06-03 00:00:00+00:00,324.66,326.2,313.41,325.1
2020-06-04 00:00:00+00:00,324.61,325.62,320.76,322.32
2020-06-05 00:00:00+00:00,323.4,331.75,313.14,331.42
2020-06-08 00:00:00+00:00,330.25,333.6,320.74,333.47
2020-06-09 00:00:00+00:00,332.1,345.61,327.23,343.815
2020-06-10 00:00:00+00:00,347.95,354.77,330.2,352.75
2020-06-11 00:00:00+00:00,349.27,352.84,335.48,335.79
2020-06-12 00:00:00+00:00,344.69,347.8,334.22,338.56
2020-06-15 00:00:00+00:00,333.1,345.75,332.57,342.99
2020-06-16 00:00:00+00:00,351.42,353.2,342.99,352.26
2020-06-17 00:00:00+00:00,355.16,355.5,351.09,351.243
2020-06-18 00:00:00+00:00,351.49,353.45,349.21,351.59
2020-06-19 00:00:00+00:00,354.54,356.56,345.14,349.55
2020-06-22 00:00:00+00:00,351.41,359.48,349.72,358.93
2020-06-24 00:00:00+00:00,365.06,368.79,344.617,360.06
2020-06-25 00:00:00+00:00,360.74,365.0,357.56,364.81
2020-06-26 00:00:00+00:00,364.45,365.32,353.01,353.87
2020-06-29 00:00:00+00:00,353.45,362.173,323.34,361.999
2020-06-30 00:00:00+00:00,360.06,366.104,359.97,364.6
2020-07-01 00:00:00+00:00,365.02,367.36,363.91,364.01
2020-07-02 00:00:00+00:00,367.79,370.47,363.64,364.11
2020-07-06 00:00:00+00:00,370.0,375.78,364.11,373.81
2020-07-07 00:00:00+00:00,375.47,378.65,372.23,372.64
2020-07-08 00:00:00+00:00,376.75,381.5,359.17,381.38
2020-07-09 00:00:00+00:00,385.05,393.91,374.38,382.65
2020-07-10 00:00:00+00:00,380.94,383.92,378.82,383.52
2020-07-13 00:00:00+00:00,389.13,399.83,381.03,381.91
2020-07-14 00:00:00+00:00,379.31,389.02,375.5,388.21
2020-07-15 00:00:00+00:00,395.99,397.39,385.94,390.99
2020-07-16 00:00:00+00:00,386.25,390.9,383.61,386.23
2020-07-17 00:00:00+00:00,387.95,388.59,383.36,385.15
2020-07-20 00:00:00+00:00,385.87,394.0,384.24,393.43
2020-07-21 00:00:00+00:00,396.69,397.0,386.97,387.93
2020-07-22 00:00:00+00:00,386.67,391.9,386.4,389.09
2020-07-23 00:00:00+00:00,387.99,389.09,368.03,371.409
2020-07-24 00:00:00+00:00,363.79,371.88,356.58,370.42
2020-07-27 00:00:00+00:00,374.87,379.62,373.91,379.215
2020-07-28 00:00:00+00:00,377.06,378.21,338.8,373.01
2020-07-29 00:00:00+00:00,374.9,380.92,373.01,380.26
2020-07-30 00:00:00+00:00,376.74,385.19,375.07,385.058
2020-07-31 00:00:00+00:00,411.5,425.67,382.81,425.19
2020-08-03 00:00:00+00:00,433.23,446.599,409.25,435.66
2020-08-04 00:00:00+00:00,436.51,443.17,433.55,438.81
2020-08-05 00:00:00+00:00,437.6,441.57,433.0,440.25
2020-08-06 00:00:00+00:00,441.62,457.66,439.19,455.88
2020-08-07 00:00:00+00:00,452.77,454.7,437.296,444.41
2020-08-10 00:00:00+00:00,450.37,455.11,433.0,450.94
2020-08-11 00:00:00+00:00,447.7,451.056,436.426,437.51
2020-08-13 00:00:00+00:00,457.77,464.18,433.0,460.04
2020-08-14 00:00:00+00:00,458.97,460.04,452.17,459.78
2020-08-17 00:00:00+00:00,464.13,464.38,452.18,458.39
2020-08-18 00:00:00+00:00,457.4,464.0,450.94,462.08
2020-08-19 00:00:00+00:00,463.92,468.65,462.25,462.83
2020-08-20 00:00:00+00:00,463.19,473.58,462.83,472.83
2020-08-21 00:00:00+00:00,476.96,499.48,476.93,497.4
2020-08-24 00:00:00+00:00,514.82,515.159,464.439,503.78
2020-08-25 00:00:00+00:00,498.76,503.43,463.97,499.31
2020-08-26 00:00:00+00:00,504.78,507.98,498.984,506.19
2020-08-27 00:00:00+00:00,508.5,509.94,457.825,500.04
2020-08-28 00:00:00+00:00,504.1,505.77,498.309,498.9
2020-08-31 00:00:00+00:00,127.62,131.0,124.24,128.85
2020-09-01 00:00:00+00:00,132.79,134.8,127.233,134.2
2020-09-02 00:00:00+00:00,137.59,138.26,126.42,131.38
2020-09-03 00:00:00+00:00,126.94,137.58,120.5,120.92
2020-09-08 00:00:00+00:00,114.25,129.759,112.68,112.833
2020-09-09 00:00:00+00:00,117.31,130.739,112.94,117.23
2020-09-10 00:00:00+00:00,120.41,128.08,112.5,113.478
2020-09-11 00:00:00+00:00,114.61,128.039,110.0,112.01
2020-09-14 00:00:00+00:00,114.73,115.93,112.8,115.355
2020-09-15 00:00:00+00:00,118.34,129.28,113.61,115.58
2020-09-16 00:00:00+00:00,115.17,122.71,112.04,112.13
2020-09-17 00:00:00+00:00,109.7,112.2,108.7,110.32
2020-09-18 00:00:00+00:00,110.38,118.46,106.09,106.6
2020-09-21 00:00:00+00:00,104.52,110.19,103.1,110.14
2020-09-22 00:00:00+00:00,112.7,115.33,109.15,111.8
2020-09-23 00:00:00+00:00,111.63,112.11,106.77,107.23
2020-09-24 00:00:00+00:00,105.19,111.721,104.97,108.21
2020-09-25 00:00:00+00:00,108.51,112.44,107.67,112.28
2020-09-28 00:00:00+00:00,114.92,115.32,109.77,115.0
2020-09-29 00:00:00+00:00,114.52,115.32,105.186,114.09
2020-09-30 00:00:00+00:00,113.79,117.26,113.62,115.61
2020-10-01 00:00:00+00:00,117.7,117.72,105.15,116.77
2020-10-02 00:00:00+00:00,112.84,115.375,108.0,113.02
2020-10-05 00:00:00+00:00,113.95,116.65,113.55,116.54
2020-10-06 00:00:00+00:00,115.68,116.5,112.25,113.155
2020-10-07 00:00:00+00:00,114.64,115.55,113.875,115.05
2020-10-08 00:00:00+00:00,116.26,116.4,114.59,114.97
2020-10-09 00:00:00+00:00,115.23,117.0,114.84,116.98
2020-10-12 00:00:00+00:00,120.06,128.19,115.2,124.42
2020-10-13 00:00:00+00:00,125.31,125.39,113.16,121.06
2020-10-14 00:00:00+00:00,120.98,123.03,119.62,121.29
2020-10-15 00:00:00+00:00,118.76,121.2,118.15,120.745
2020-10-16 00:00:00+00:00,121.25,125.157,118.8,118.96
2020-10-19 00:00:00+00:00,119.96,120.42,115.65,116.0
2020-10-20 00:00:00+00:00,116.23,118.98,115.63,117.49
2020-10-21 00:00:00+00:00,116.63,118.705,116.45,116.86
2020-10-22 00:00:00+00:00,117.41,119.98,114.59,115.773
2020-10-23 00:00:00+00:00,116.38,116.554,114.28,115.05
2020-10-26 00:00:00+00:00,114.01,116.55,112.88,115.06
2020-10-27 00:00:00+00:00,115.42,119.857,114.53,116.53
2020-10-28 00:00:00+00:00,115.04,117.04,111.1,111.15
2020-10-29 00:00:00+00:00,112.37,116.93,111.14,114.575
2020-10-30 00:00:00+00:00,111.03,114.615,107.72,108.9
2020-11-02 00:00:00+00:00,109.14,116.79,107.32,108.77
2020-11-03 00:00:00+00:00,109.66,112.113,108.73,110.375
2020-11-04 00:00:00+00:00,114.01,115.59,110.44,114.934
2020-11-05 00:00:00+00:00,117.93,121.0,110.71,118.99
2020-11-06 00:00:00+00:00,118.32,119.2,115.05,118.685
2020-11-09 00:00:00+00:00,120.49,121.99,116.05,116.32
2020-11-10 00:00:00+00:00,115.56,121.6,114.12,115.97
2020-11-11 00:00:00+00:00,117.18,119.859,116.44,119.492
2020-11-12 00:00:00+00:00,119.7,120.53,116.713,119.235
2020-11-13 00:00:00+00:00,119.45,120.53,117.87,119.245
2020-11-16 00:00:00+00:00,119.05,120.99,118.146,120.345
2020-11-17 00:00:00+00:00,119.53,120.674,118.96,119.36
2020-11-18 00:00:00+00:00,118.63,119.83,117.55,118.0
2020-11-19 00:00:00+00:00,117.55,119.06,115.54,118.64
2020-11-20 00:00:00+00:00,118.65,118.77,117.29,117.329
2020-11-23 00:00:00+00:00,117.19,117.63,113.51,113.88
2020-11-24 00:00:00+00:00,113.87,115.85,112.58,115.17
2020-11-25 00:00:00+00:00,115.55,116.75,115.17,116.02
2020-11-27 00:00:00+00:00,116.57,117.49,116.03,116.455
2020-11-30 00:00:00+00:00,116.94,121.185,116.59,119.04
2020-12-01 00:00:00+00:00,120.98,123.47,119.05,122.705
2020-12-02 00:00:00+00:00,122.01,131.64,120.89,123.08
2020-12-03 00:00:00+00:00,123.53,123.78,122.21,122.94
2020-12-04 00:00:00+00:00,122.55,122.94,121.14,122.24
2020-12-07 00:00:00+00:00,122.38,124.57,122.22,123.78
2020-12-08 00:00:00+00:00,124.37,124.98,118.63,124.33
2020-12-09 00:00:00+00:00,124.51,125.95,121.0,121.67
2020-12-10 00:00:00+00:00,120.49,124.45,120.15,123.22
2020-12-11 00:00:00+00:00,122.44,123.395,120.55,122.49
2020-12-14 00:00:00+00:00,122.59,123.35,121.54,121.77
2020-12-15 00:00:00+00:00,124.43,127.9,114.09,127.89
2020-12-16 00:00:00+00:00,127.39,128.37,119.65,127.79
2020-12-17 00:00:00+00:00,128.9,129.58,127.81,128.65
2020-12-18 00:00:00+00:00,128.93,129.1,117.34,126.65
2020-12-21 00:00:00+00:00,125.04,128.31,123.44,128.24
2020-12-22 00:00:00+00:00,131.59,134.41,129.65,131.845
2020-12-23 00:00:00+00:00,132.14,132.43,126.246,130.96
2020-12-24 00:00:00+00:00,131.36,136.938,131.1,131.92
2020-12-28 00:00:00+00:00,133.99,137.345,133.51,136.73
2020-12-29 00:00:00+00:00,138.06,138.79,131.458,134.93
2020-12-30 00:00:00+00:00,135.54,135.99,133.4,133.72
2020-12-31 00:00:00+00:00,134.08,134.74,131.72,132.58
2021-01-05 00:00:00+00:00,128.88,131.74,128.43,130.949
2021-01-06 00:00:00+00:00,127.72,131.05,126.38,126.58
2021-01-07 00:00:00+00:00,128.4,131.63,126.6,130.85
2021-01-08 00:00:00+00:00,132.39,132.63,127.53,131.99
2021-01-11 00:00:00+00:00,129.16,130.169,128.5,128.979
2021-01-12 00:00:00+00:00,128.52,129.69,126.86,128.82
2021-01-13 00:00:00+00:00,128.69,131.45,128.49,130.889
2021-01-14 00:00:00+00:00,130.8,131.0,128.75,128.919
2021-01-15 00:00:00+00:00,128.699,130.229,127.0,127.075
2021-01-19 00:00:00+00:00,127.75,128.71,126.93,127.85
2021-01-20 00:00:00+00:00,128.59,132.49,127.294,131.97
2021-01-21 00:00:00+00:00,133.82,139.67,132.03,136.86
2021-01-22 00:00:00+00:00,136.26,139.85,127.839,138.969
2021-01-25 00:00:00+00:00,143.02,146.25,136.54,142.9
2021-01-26 00:00:00+00:00,143.58,144.52,141.37,143.185
2021-01-27 00:00:00+00:00,143.43,144.3,135.67,142.49
2021-01-28 00:00:00+00:00,139.47,142.131,136.7,137.04
2021-01-29 00:00:00+00:00,135.85,137.09,130.21,131.83
2021-02-01 00:00:00+00:00,133.68,135.38,130.919,134.1
2021-02-02 00:00:00+00:00,135.62,136.32,134.14,134.98
2021-02-03 00:00:00+00:00,135.52,135.77,131.91,133.9
2021-02-04 00:00:00+00:00,136.34,137.584,134.59,137.39
2021-02-05 00:00:00+00:00,137.32,139.53,135.86,136.77
2021-02-09 00:00:00+00:00,136.69,137.88,135.0,136.0
2021-02-10 00:00:00+00:00,136.48,136.99,134.4,135.36
2021-02-11 00:00:00+00:00,135.92,136.39,133.57,135.12
